log_date,game_date,pitcher_name,team,opp_team,home_team,away_team,pred_k,has_line,book_line,book_side,best_book,best_odds,book_implied,model_prob_book_line,edge_book,pp_line,pp_side,model_prob_pp_line,edge_pp,game_pk,pitcher,actual_k,hit_book_side
2026-06-14,2026-06-13,Trey Gibson,BAL,SD,BAL,SD,4.959297848009724,1,3.5,over,novig,126.0,0.4424778761061947,0.6143725630493946,0.1719,,,,,824828,694346,7,1
2026-06-14,2026-06-13,José Soriano,LAA,TB,LAA,TB,7.42559855045673,1,5.5,over,novig,106.0,0.4854368932038835,0.6434277482690762,0.158,5.5,over,0.6434277482690762,0.1,824019,667755,5,0
2026-06-14,2026-06-13,Randy Vásquez,SD,BAL,BAL,SD,4.943070204983829,1,3.5,over,betrivers,-104.0,0.5098039215686274,0.6362488304082436,0.1264,3.5,over,0.6362488304082436,0.0929,824828,681190,5,1
2026-06-14,2026-06-13,Griffin Jax,TB,LAA,LAA,TB,4.225218817726708,1,5.5,under,betrivers,-124.0,0.5535714285714286,0.6522043607097949,0.0986,5.0,under,0.6522043607097949,0.1088,824019,643377,5,1
2026-06-14,2026-06-13,Mike Burrows,HOU,KC,KC,HOU,4.850760764605197,1,4.5,over,prophetx,144.0,0.4098360655737705,0.4828547048751446,0.073,4.0,over,0.4828547048751446,-0.0605,824100,681347,5,1
2026-06-14,2026-06-13,Joey Cantillo,CLE,DET,CLE,DET,6.035826050864972,1,4.5,over,betmgm,-140.0,0.5833333333333334,0.6523952435698911,0.0691,5.0,over,0.5009738720629078,-0.0424,824426,676282,4,0
2026-06-14,2026-06-13,Rhett Lowder,CIN,AZ,CIN,AZ,4.071743291975508,1,3.5,over,novig,116.0,0.4629629629629629,0.531954484564809,0.069,3.5,over,0.531954484564809,-0.0114,824508,695076,6,1
2026-06-14,2026-06-13,Kevin Gausman,TOR,NYY,TOR,NYY,5.350209842312063,1,6.5,under,prophetx,-138.0,0.5798319327731093,0.6476418016236383,0.0678,6.0,under,0.6476418016236383,0.1043,822802,592332,7,0
2026-06-14,2026-06-13,Michael Soroka,AZ,CIN,CIN,AZ,5.315947527839976,1,5.5,under,betmgm,120.0,0.4545454545454545,0.515991186779535,0.0614,6.0,under,0.6581785362059291,0.1148,824508,647336,7,0
2026-06-14,2026-06-13,Luis Castillo,SEA,WSH,WSH,SEA,4.9477978325180585,1,4.5,over,novig,114.0,0.4672897196261682,0.5206496428023244,0.0534,,,,,822725,622491,4,0
2026-06-14,2026-06-13,Connor Prielipp,MIN,STL,MIN,STL,5.600792256594266,1,4.5,over,betmgm,-125.0,0.5555555555555556,0.6055246154771206,0.05,,,,,823694,687570,2,0
2026-06-14,2026-06-13,Sean Burke,CWS,LAD,CWS,LAD,4.470435074080447,1,4.5,under,betmgm,120.0,0.4545454545454545,0.503420207503908,0.0489,5.0,under,0.6593295820631173,0.116,824587,680732,6,0
2026-06-14,2026-06-13,Ben Brown,CHC,SF,SF,CHC,4.362914437562924,1,4.5,under,betmgm,105.0,0.4878048780487805,0.5303636609821375,0.0426,4.5,under,0.5303636609821375,-0.013,823213,676962,3,1
2026-06-14,2026-06-13,Matthew Liberatore,STL,MIN,MIN,STL,4.8427037162768745,1,4.5,over,novig,116.0,0.4629629629629629,0.503714705654498,0.0408,4.5,over,0.503714705654498,-0.0397,823694,669461,4,0
2026-06-14,2026-06-13,Bubba Chandler,PIT,MIA,PIT,MIA,5.151311548266111,1,4.5,over,fanduel,-104.0,0.5098039215686274,0.5504466618559377,0.0406,4.5,over,0.5504466618559377,0.0071,823369,696149,6,1
2026-06-14,2026-06-13,Martín Pérez,ATL,NYM,NYM,ATL,4.592672266772344,1,3.5,over,novig,-137.0,0.5780590717299579,0.6183808432047444,0.0403,4.0,over,0.4450589987433166,-0.0983,823616,527048,4,1
2026-06-14,2026-06-13,Noah Cameron,KC,HOU,KC,HOU,5.281361875526997,1,4.5,over,prophetx,-111.0,0.5260663507109005,0.5653821969700887,0.0393,4.5,over,0.5653821969700887,0.022,824100,702070,1,0
2026-06-14,2026-06-13,Joey Estes,ATH,COL,ATH,COL,3.843873274499463,1,3.5,over,prophetx,116.0,0.4629629629629629,0.4982125021930704,0.0352,,,,,824995,683155,4,1
2026-06-14,2026-06-13,Trevor McDonald,SF,CHC,SF,CHC,4.672709214525057,1,4.5,over,betrivers,116.0,0.4629629629629629,0.4911427572522168,0.0282,4.0,over,0.4911427572522168,-0.0522,823213,686790,4,0
2026-06-14,2026-06-13,Yoshinobu Yamamoto,LAD,CWS,CWS,LAD,5.639150406083325,1,6.5,under,novig,-142.0,0.5867768595041323,0.610710971817354,0.0239,6.0,under,0.610710971817354,0.0673,824587,808967,7,0
2026-06-14,2026-06-13,Tarik Skubal,DET,CLE,CLE,DET,5.858234385914342,1,5.5,over,betrivers,102.0,0.495049504950495,0.5174191971682787,0.0224,5.5,over,0.5174191971682787,-0.026,824426,669373,4,0
2026-06-14,2026-06-13,Cade Cavalli,WSH,SEA,WSH,SEA,5.844712507642549,1,4.5,over,fanduel,-170.0,0.6296296296296297,0.6503179421506718,0.0207,5.0,over,0.4986187047278074,-0.0448,822725,676917,5,1
2026-06-14,2026-06-13,Ranger Suarez,BOS,TEX,BOS,TEX,5.780184578136929,1,5.5,over,novig,106.0,0.4854368932038835,0.5031987673106608,0.0178,5.5,over,0.5031987673106608,-0.0402,824749,624133,7,1
2026-06-14,2026-06-13,Cam Schlittler,NYY,TOR,TOR,NYY,5.0595665483614125,1,5.5,under,betrivers,-139.0,0.5815899581589958,0.5909653306562812,0.0094,5.0,under,0.5909653306562812,0.0476,822802,693645,7,0
2026-06-14,2026-06-13,Jacob deGrom,TEX,BOS,BOS,TEX,5.897704186540642,1,6.5,under,draftkings,-147.0,0.5951417004048583,0.6026038385042674,0.0075,6.0,under,0.6026038385042674,0.0592,824749,594798,5,1
2026-06-14,2026-06-13,Kyle Freeland,COL,ATH,ATH,COL,4.322090269006206,1,4.5,under,betrivers,-127.0,0.5594713656387665,0.5531200613611318,-0.0064,,,,,824995,607536,4,1
2026-06-14,2026-06-13,Lake Bachar,MIA,PIT,PIT,MIA,2.637519419040545,0,,,,,,,,,,,,823369,669199,4,-2
2026-06-14,2026-06-13,Shane Drohan,MIL,PHI,MIL,PHI,5.319387990623728,0,,,,,,,,5.0,over,0.4459076253635858,-0.0975,823776,675660,7,-2
2026-06-14,2026-06-13,Aaron Nola,PHI,MIL,MIL,PHI,5.062938582483461,0,,,,,,,,5.0,under,0.5944265926318303,0.051,823776,605400,3,-2
2026-06-15,2026-06-14,Grayson Rodriguez,LAA,TB,LAA,TB,5.709104656907531,1,3.5,over,betmgm,-115.0,0.5348837209302325,0.7020756546578658,0.1672,,,,,824021,680570,1,0
2026-06-15,2026-06-14,Connelly Early,BOS,TEX,BOS,TEX,5.341667131401319,1,5.5,under,betrivers,-104.0,0.5098039215686274,0.5351125439275548,0.0253,5.5,under,0.5351125439275548,-0.0083,824751,813349,3,1
2026-06-15,2026-06-14,Nathan Eovaldi,TEX,BOS,BOS,TEX,4.917077665278378,1,4.5,over,novig,-133.0,0.5708154506437768,0.5466533107093726,-0.0242,5.0,under,0.6112372369183241,0.0679,824751,543135,6,1
2026-06-15,2026-06-14,Paul Skenes,PIT,MIA,PIT,MIA,6.314544307882474,0,,,,,,,,,,,,823368,694973,10,-2
2026-06-15,2026-06-14,Max Meyer,MIA,PIT,PIT,MIA,5.200412342853329,0,,,,,,,,,,,,823368,676974,9,-2
2026-06-15,2026-06-14,Trevor Rogers,BAL,SD,BAL,SD,4.221987720468992,0,,,,,,,,,,,,824823,669432,4,-2
2026-06-15,2026-06-14,Walker Buehler,SD,BAL,BAL,SD,4.165981878500603,0,,,,,,,,,,,,824823,621111,5,-2
2026-06-15,2026-06-14,PJ Poulin,WSH,SEA,WSH,SEA,1.6194422219981364,0,,,,,,,,,,,,822722,676571,0,-2
2026-06-15,2026-06-14,Emerson Hancock,SEA,WSH,WSH,SEA,4.364497789485209,0,,,,,,,,,,,,822722,676106,2,-2
2026-06-15,2026-06-14,Patrick Corbin,TOR,NYY,TOR,NYY,4.306168842930177,0,,,,,,,,,,,,822801,571578,3,-2
2026-06-15,2026-06-14,Will Warren,NYY,TOR,TOR,NYY,4.700640831151276,0,,,,,,,,,,,,822801,701542,1,-2
2026-06-15,2026-06-14,Andrew Abbott,CIN,AZ,CIN,AZ,3.931326312804173,0,,,,,,,,,,,,824506,671096,5,-2
2026-06-15,2026-06-14,Zac Gallen,AZ,CIN,CIN,AZ,4.265337966057,0,,,,,,,,,,,,824506,668678,4,-2
2026-06-15,2026-06-14,Freddy Peralta,NYM,ATL,NYM,ATL,5.065543056559689,0,,,,,,,,,,,,823615,642547,2,-2
2026-06-15,2026-06-14,Bryce Elder,ATL,NYM,NYM,ATL,4.345166874152765,0,,,,,,,,,,,,823615,693821,2,-2
2026-06-15,2026-06-14,Stephen Kolek,KC,HOU,KC,HOU,4.797100889384774,0,,,,,,,,,,,,824099,663568,4,-2
2026-06-15,2026-06-14,Spencer Arrighetti,HOU,KC,KC,HOU,4.104682499848445,0,,,,,,,,,,,,824099,681293,7,-2
2026-06-15,2026-06-14,Taj Bradley,MIN,STL,MIN,STL,5.844466673860819,0,,,,,,,,,,,,823693,671737,7,-2
2026-06-15,2026-06-14,Michael McGreevy,STL,MIN,MIN,STL,3.821532604620868,0,,,,,,,,,,,,823693,700241,2,-2
2026-06-15,2026-06-14,Bryan Hudson,CWS,LAD,CWS,LAD,1.262762403261276,0,,,,,,,,,,,,824586,663542,0,-2
2026-06-15,2026-06-14,Emmet Sheehan,LAD,CWS,CWS,LAD,4.923117306887179,0,,,,,,,,,,,,824586,686218,8,-2
2026-06-15,2026-06-14,Kyle Harrison,MIL,PHI,MIL,PHI,6.542804631488587,0,,,,,,,,,,,,823777,690986,3,-2
2026-06-15,2026-06-14,Cristopher Sánchez,PHI,MIL,MIL,PHI,6.195881668483821,0,,,,,,,,,,,,823777,650911,3,-2
2026-06-15,2026-06-14,Jeffrey Springs,ATH,COL,ATH,COL,4.264104742656864,0,,,,,,,,,,,,824994,605488,5,-2
2026-06-15,2026-06-14,Tomoyuki Sugano,COL,ATH,ATH,COL,3.416841509960981,0,,,,,,,,,,,,824994,608372,2,-2
2026-06-15,2026-06-14,Logan Webb,SF,CHC,SF,CHC,4.732579900388257,0,,,,,,,,,,,,823212,657277,7,-2
2026-06-15,2026-06-14,Ryan Rolison,CHC,SF,SF,CHC,1.0682649511663678,0,,,,,,,,,,,,823212,669020,0,-2
2026-06-15,2026-06-14,Casey Legumina,TB,LAA,LAA,TB,1.3999104479086533,0,,,,,,,,,,,,824021,668984,1,-2
2026-06-15,2026-06-14,Gavin Williams,CLE,DET,CLE,DET,6.452683728357669,0,,,,,,,,,,,,824424,668909,-1,-2
2026-06-15,2026-06-14,Casey Mize,DET,CLE,CLE,DET,3.989189317566996,0,,,,,,,,,,,,824424,663554,-1,-2
2026-06-16,2026-06-15,Eric Lauer,LAD,TB,LAD,TB,4.395555815470825,1,3.5,over,novig,149.0,0.4016064257028112,0.5480433729068023,0.1464,,,,,823938,641778,4,1
2026-06-16,2026-06-15,Walbert Ureña,LAA,AZ,AZ,LAA,5.527459203825558,1,4.5,over,novig,131.0,0.4329004329004329,0.5581346367551175,0.1252,4.0,over,0.5581346367551175,0.0148,825071,700712,3,0
2026-06-16,2026-06-15,Ryan Gusto,MIA,PHI,PHI,MIA,5.23799782982774,1,3.5,over,novig,-130.0,0.5652173913043478,0.6753843520480086,0.1102,4.0,over,0.5096839695381485,-0.0337,823452,687473,1,0
2026-06-16,2026-06-15,Nick Martinez,TB,LAD,LAD,TB,4.206589577746089,1,3.5,over,novig,121.0,0.4524886877828054,0.5404411231413666,0.088,,,,,823938,607259,6,1
2026-06-16,2026-06-15,J.T. Ginn,ATH,PIT,ATH,PIT,5.642768201896056,1,4.5,over,betrivers,-118.0,0.5412844036697247,0.6088983867737349,0.0676,4.5,over,0.6088983867737349,0.0655,824993,669372,3,0
2026-06-16,2026-06-15,Troy Melton,DET,HOU,HOU,DET,4.627571302449806,1,4.5,over,novig,156.0,0.390625,0.4561420102109986,0.0655,4.0,over,0.4561420102109986,-0.0872,824181,675512,-1,-2
2026-06-16,2026-06-15,Dustin May,STL,SD,STL,SD,6.1545734892184125,1,4.5,over,fanduel,-164.0,0.6212121212121212,0.6749359156807752,0.0537,5.0,over,0.5269522716598103,-0.0164,823046,669160,9,1
2026-06-16,2026-06-15,Shota Imanaga,CHC,COL,CHC,COL,5.46368357184827,1,6.5,under,fanduel,-142.0,0.5867768595041323,0.6343535989185844,0.0476,6.0,under,0.6343535989185844,0.091,824666,684007,3,1
2026-06-16,2026-06-15,Jared Jones,PIT,ATH,ATH,PIT,5.363629931814903,1,4.5,over,novig,-125.0,0.5555555555555556,0.5820315548100674,0.0265,5.0,under,0.5753691036038339,0.032,824993,683003,4,0
2026-06-16,2026-06-15,Michael Lorenzen,COL,CHC,CHC,COL,4.5812760287641945,1,3.5,over,betmgm,-155.0,0.6078431372549019,0.6320805369842595,0.0242,4.0,over,0.4601013940868865,-0.0833,824666,547179,5,1
2026-06-16,2026-06-15,Andrew Alvarez,WSH,KC,WSH,KC,3.969932544699706,1,4.5,under,fanduel,-132.0,0.5689655172413793,0.5910780350366218,0.0221,4.0,under,0.5910780350366218,0.0477,822724,674841,5,0
2026-06-16,2026-06-15,MacKenzie Gore,TEX,MIN,TEX,MIN,5.678201971767698,1,5.5,under,novig,115.0,0.4651162790697674,0.4831537349464281,0.018,6.0,under,0.6271295468062474,0.0838,822887,669022,10,0
2026-06-16,2026-06-15,Ryne Nelson,AZ,LAA,AZ,LAA,5.381524462860598,1,4.5,over,novig,-134.0,0.5726495726495726,0.5904245331094633,0.0178,5.0,under,0.5666209839991212,0.0232,825071,669194,5,1
2026-06-16,2026-06-15,Mitch Spence,KC,WSH,WSH,KC,3.226903726639,1,3.5,under,novig,-126.0,0.5575221238938053,0.5743402272824732,0.0168,,,,,822724,687765,1,1
2026-06-16,2026-06-15,Chase Burns,CIN,NYM,CIN,NYM,7.04179450346814,1,7.5,under,novig,-133.0,0.5708154506437768,0.5731209326024025,0.0023,7.0,under,0.5731209326024025,0.0297,824505,695505,7,1
2026-06-16,2026-06-15,Zack Wheeler,PHI,MIA,PHI,MIA,6.190440083180434,1,6.5,under,betrivers,-129.0,0.5633187772925764,0.5588959084061043,-0.0044,6.0,under,0.5588959084061043,0.0155,823452,554430,9,0
2026-06-16,2026-06-15,Kai-Wei Teng,HOU,DET,HOU,DET,5.287109624332247,1,5.5,under,betrivers,-152.0,0.6031746031746031,0.5736136275996659,-0.0296,5.0,under,0.5736136275996659,0.0302,824181,678906,9,0
2026-06-16,2026-06-15,Tobias Myers,NYM,CIN,CIN,NYM,2.956242114355012,0,,,,,,,,,,,,824505,668964,1,-2
2026-06-17,2026-06-16,Merrill Kelly,AZ,LAA,AZ,LAA,5.879516908740296,1,4.5,over,novig,120.0,0.4545454545454545,0.5993862153748611,0.1448,4.5,over,0.5993862153748611,0.056,825070,518876,4,0
2026-06-17,2026-06-16,Adrian Houser,SF,ATL,ATL,SF,4.499520537528764,1,3.5,over,novig,123.0,0.4484304932735426,0.573322832745122,0.1249,,,,,824912,605288,-1,-2
2026-06-17,2026-06-16,Davis Martin,CWS,NYY,NYY,CWS,6.503945645715438,1,5.5,over,novig,128.0,0.4385964912280701,0.5522493302889436,0.1137,5.5,over,0.5522493302889436,0.0089,823535,663436,4,0
2026-06-17,2026-06-16,Andre Pallante,STL,SD,STL,SD,5.3236847609453655,1,3.5,over,prophetx,-138.0,0.5798319327731093,0.6887166547784048,0.1089,4.0,over,0.5256068220320358,-0.0178,823045,669467,6,1
2026-06-17,2026-06-16,Mitch Keller,PIT,ATH,ATH,PIT,5.355336646485517,1,4.5,over,novig,131.0,0.4329004329004329,0.5412770422493054,0.1084,4.0,over,0.5412770422493054,-0.0021,824991,656605,7,1
2026-06-17,2026-06-16,Kumar Rocker,TEX,MIN,TEX,MIN,5.052744897242155,1,4.5,over,novig,147.0,0.4048582995951417,0.5049718371219812,0.1001,4.0,over,0.5049718371219812,-0.0384,822888,677958,4,0
2026-06-17,2026-06-16,Grant Holmes,ATL,SF,ATL,SF,5.574846476244092,1,4.5,over,prophetx,108.0,0.4807692307692308,0.580257740914263,0.0995,4.5,over,0.580257740914263,0.0369,824912,656550,-1,-2
2026-06-17,2026-06-16,Brady Singer,CIN,NYM,CIN,NYM,5.465210526515069,1,4.5,over,draftkings,105.0,0.4878048780487805,0.570641335268945,0.0828,4.5,over,0.570641335268945,0.0273,824504,663903,5,1
2026-06-17,2026-06-16,Justin Wrobleski,LAD,TB,LAD,TB,4.957730413532948,1,4.5,over,novig,140.0,0.4166666666666667,0.4980706736057239,0.0814,4.0,over,0.4980706736057239,-0.0453,823939,680736,5,1
2026-06-17,2026-06-16,Jack Perkins,ATH,PIT,ATH,PIT,5.569496070740549,1,4.5,over,betrivers,-107.0,0.5169082125603864,0.5946115578444,0.0777,4.5,over,0.5946115578444,0.0512,824991,678022,6,1
2026-06-17,2026-06-16,Jesús Luzardo,PHI,MIA,PHI,MIA,6.057155175931343,1,6.5,under,novig,115.0,0.4651162790697674,0.5386843980343853,0.0736,6.5,under,0.5386843980343853,-0.0047,823451,666200,9,0
2026-06-17,2026-06-16,Michael Wacha,KC,WSH,WSH,KC,4.817259894264828,1,4.5,over,novig,142.0,0.4132231404958678,0.4829450279786179,0.0697,4.0,over,0.4829450279786179,-0.0604,822723,608379,3,0
2026-06-17,2026-06-16,Reid Detmers,LAA,AZ,AZ,LAA,5.960475392077874,1,5.5,over,novig,133.0,0.4291845493562232,0.49809679520093,0.0689,5.0,over,0.49809679520093,-0.0453,825070,672282,3,0
2026-06-17,2026-06-16,Logan Gilbert,SEA,BAL,SEA,BAL,6.396229550700189,1,6.5,under,novig,128.0,0.4385964912280701,0.5012420682113972,0.0626,7.0,under,0.6342099714727374,0.0908,823128,669302,10,0
2026-06-17,2026-06-16,Zebby Matthews,MIN,TEX,TEX,MIN,5.097254181439401,1,4.5,over,novig,109.0,0.4784688995215311,0.5360436968419878,0.0576,4.5,over,0.5360436968419878,-0.0073,822888,805673,4,0
2026-06-17,2026-06-16,Framber Valdez,DET,HOU,HOU,DET,5.162866665186799,1,4.5,over,novig,100.0,0.5,0.5481818950872388,0.0482,4.5,over,0.5481818950872388,0.0048,824182,664285,6,1
2026-06-17,2026-06-16,Gerrit Cole,NYY,CWS,NYY,CWS,5.273140702123898,1,5.5,under,prophetx,107.0,0.4830917874396135,0.5307169973048301,0.0476,5.5,under,0.5307169973048301,-0.0127,823535,543037,6,0
2026-06-17,2026-06-16,Kodai Senga,NYM,CIN,CIN,NYM,4.440164940802763,1,5.5,under,betmgm,-155.0,0.6078431372549019,0.6533077472739097,0.0455,5.0,under,0.6533077472739097,0.1099,824504,673540,5,1
2026-06-17,2026-06-16,Hunter Brown,HOU,DET,HOU,DET,6.30429989637372,1,6.5,under,novig,103.0,0.4926108374384236,0.5277573087170188,0.0351,6.5,under,0.5277573087170188,-0.0156,824182,686613,7,0
2026-06-17,2026-06-16,Dylan Cease,TOR,BOS,BOS,TOR,7.4199931779093875,1,6.5,over,prophetx,-118.0,0.5412844036697247,0.5704636036851505,0.0292,,,,,824750,656302,7,1
2026-06-17,2026-06-16,Drew Rasmussen,TB,LAD,LAD,TB,4.96013303007134,1,5.5,under,prophetx,-129.0,0.5633187772925764,0.5883565683439027,0.025,5.0,under,0.5883565683439027,0.045,823939,656876,7,0
2026-06-17,2026-06-16,Ryan Feltner,COL,CHC,CHC,COL,4.073491969527407,1,3.5,over,prophetx,-115.0,0.5348837209302325,0.5568473555582889,0.022,3.5,over,0.5568473555582889,0.0135,824667,663372,7,1
2026-06-17,2026-06-16,Michael King,SD,STL,STL,SD,4.245625338534149,1,4.5,under,prophetx,-119.0,0.54337899543379,0.5576108551133072,0.0142,4.0,over,0.4423891448866928,-0.101,823045,650633,1,1
2026-06-17,2026-06-16,Payton Tolle,BOS,TOR,BOS,TOR,4.855429243073452,1,5.5,under,novig,-144.0,0.5901639344262295,0.6039635609995458,0.0138,5.0,under,0.6039635609995458,0.0606,824750,801139,6,0
2026-06-17,2026-06-16,Edward Cabrera,CHC,COL,CHC,COL,5.470571249675125,1,5.5,over,prophetx,120.0,0.4545454545454545,0.4646344227761112,0.0101,,,,,824667,665795,3,0
2026-06-17,2026-06-16,Slade Cecconi,CLE,MIL,MIL,CLE,4.537277062482592,1,4.5,over,prophetx,116.0,0.4629629629629629,0.4727993454957506,0.0098,,,,,823775,677944,4,0
2026-06-17,2026-06-16,Foster Griffin,WSH,KC,WSH,KC,5.035566030599862,1,5.5,under,betmgm,-140.0,0.5833333333333334,0.5903283143457628,0.007,5.0,under,0.5903283143457628,0.0469,822723,656492,6,0
2026-06-17,2026-06-16,Brandon Young,BAL,SEA,SEA,BAL,4.387047394722732,1,4.5,over,novig,120.0,0.4545454545454545,0.4546587585424086,0.0001,4.5,under,0.5453412414575913,0.002,823128,687064,2,0
2026-06-17,2026-06-16,Tyler Phillips,MIA,PHI,PHI,MIA,4.097477773068238,1,3.5,over,novig,-139.0,0.5815899581589958,0.5750909620162381,-0.0065,4.0,under,0.6005733984414152,0.0572,823451,663969,4,1
2026-06-17,2026-06-16,Robert Gasser,MIL,CLE,MIL,CLE,4.904268335698279,1,4.5,over,novig,-137.0,0.5780590717299579,0.5465607684704921,-0.0315,5.0,under,0.61132896824868,0.0679,823775,688107,5,1
2026-06-18,2026-06-17,Peter Lambert,HOU,DET,HOU,DET,6.364122284981608,1,5.5,over,novig,153.0,0.3952569169960474,0.5266975507850815,0.1314,5.0,over,0.5266975507850815,-0.0167,824178,663567,5,0
2026-06-18,2026-06-17,Max Scherzer,TOR,BOS,BOS,TOR,4.692347455323853,1,3.5,over,novig,104.0,0.4901960784313725,0.6028778939138495,0.1127,3.5,over,0.6028778939138495,0.0595,824746,453286,-1,-2
2026-06-18,2026-06-17,Shohei Ohtani,LAD,TB,LAD,TB,7.282241326681752,1,6.5,over,betmgm,120.0,0.4545454545454545,0.5308313088212775,0.0763,6.0,over,0.5308313088212775,-0.0125,823940,660271,5,0
2026-06-18,2026-06-17,Jake Bennett,BOS,TOR,BOS,TOR,3.8050152395746553,1,3.5,over,novig,147.0,0.4048582995951417,0.4791841269257424,0.0743,3.0,over,0.4791841269257424,-0.0642,824746,687562,5,1
2026-06-18,2026-06-17,Gavin Williams,CLE,MIL,MIL,CLE,5.874024137276087,1,6.5,under,novig,102.0,0.495049504950495,0.5669808600910711,0.0719,6.5,under,0.5669808600910711,0.0236,823774,668909,4,1
2026-06-18,2026-06-17,Brandon Sproat,MIL,CLE,MIL,CLE,5.256485833508066,1,4.5,over,betrivers,-108.0,0.5192307692307693,0.564412606083728,0.0452,4.5,over,0.564412606083728,0.021,823774,687075,6,1
2026-06-18,2026-06-17,Nick Lodolo,CIN,NYM,CIN,NYM,5.48049163192728,1,5.5,over,novig,144.0,0.4098360655737705,0.4534103326181951,0.0436,5.0,over,0.4534103326181951,-0.09,824503,666157,2,0
2026-06-18,2026-06-17,Aaron Civale,ATH,PIT,ATH,PIT,3.987116169439143,1,3.5,over,novig,105.0,0.4878048780487805,0.5292719297949043,0.0415,3.5,over,0.5292719297949043,-0.0141,824992,650644,2,0
2026-06-18,2026-06-17,Kyle Bradish,BAL,SEA,SEA,BAL,5.665128273040402,1,5.5,over,novig,117.0,0.4608294930875576,0.4896740992850849,0.0288,5.5,under,0.5103259007149151,-0.0331,823127,680694,12,1
2026-06-18,2026-06-17,Casey Mize,DET,HOU,HOU,DET,4.382386199254112,1,4.5,over,prophetx,142.0,0.4132231404958678,0.4414561604390013,0.0282,4.0,over,0.4414561604390013,-0.1019,824178,663554,3,0
2026-06-18,2026-06-17,Sandy Alcantara,MIA,PHI,PHI,MIA,4.537584323742574,1,4.5,under,draftkings,104.0,0.4901960784313725,0.5143321062732688,0.0241,4.5,under,0.5143321062732688,-0.029,823450,645261,6,0
2026-06-18,2026-06-17,Andrew Painter,PHI,MIA,PHI,MIA,4.085897672351146,1,3.5,over,draftkings,-119.0,0.54337899543379,0.5603246326877064,0.0169,4.0,under,0.6155053580956278,0.0721,823450,691725,3,0
2026-06-18,2026-06-17,Zack Littell,WSH,KC,WSH,KC,3.1063425439669947,1,3.5,under,prophetx,-136.0,0.576271186440678,0.5913536130666865,0.0151,3.0,under,0.5913536130666865,0.048,822721,641793,2,1
2026-06-18,2026-06-17,Eduardo Rodriguez,AZ,LAA,AZ,LAA,5.459035350392623,1,4.5,over,fanduel,-144.0,0.5901639344262295,0.6020627439077937,0.0119,5.0,over,0.4456655237132835,-0.0977,825072,593958,5,1
2026-06-18,2026-06-17,Nolan McLean,NYM,CIN,CIN,NYM,6.144628528617069,1,6.5,under,draftkings,-124.0,0.5535714285714286,0.5625168521708426,0.0089,6.0,under,0.5625168521708426,0.0191,824503,690997,9,0
2026-06-18,2026-06-17,Javier Assad,CHC,COL,CHC,COL,4.091873699078736,1,4.5,under,fanduel,-138.0,0.5798319327731093,0.5886009626345099,0.0088,4.0,under,0.5886009626345099,0.0452,824668,665871,1,1
2026-06-18,2026-06-17,Shane McClanahan,TB,LAD,LAD,TB,4.720831444256255,1,4.5,over,prophetx,101.0,0.4975124378109453,0.5028117784446947,0.0053,4.5,over,0.5028117784446947,-0.0406,823940,663556,3,0
2026-06-18,2026-06-17,Anthony Kay,CWS,NYY,NYY,CWS,4.51610078489679,1,4.5,under,draftkings,-107.0,0.5169082125603864,0.5208864367665569,0.004,4.5,under,0.5208864367665569,-0.0225,823536,641743,2,1
2026-06-18,2026-06-17,Kyle Leahy,STL,SD,STL,SD,3.935381653019365,1,3.5,over,prophetx,-120.0,0.5454545454545454,0.5454270332645742,-0.0,4.0,under,0.6302556533695522,0.0869,823044,681517,7,1
2026-06-18,2026-06-17,Braxton Ashcraft,PIT,ATH,ATH,PIT,5.52979752014469,1,5.5,under,novig,-107.0,0.5169082125603864,0.5167390909770646,-0.0002,5.5,under,0.5167390909770646,-0.0266,824992,677952,7,0
2026-06-18,2026-06-17,George Kirby,SEA,BAL,SEA,BAL,6.019365851060757,1,6.5,under,novig,-140.0,0.5833333333333334,0.5819763446955334,-0.0014,6.0,under,0.5819763446955334,0.0386,823127,669923,5,1
2026-06-18,2026-06-17,Carlos Rodón,NYY,CWS,NYY,CWS,5.89291763503491,1,5.5,over,novig,-115.0,0.5348837209302325,0.5321057669842705,-0.0028,6.0,under,0.6122937102858221,0.0689,823536,607074,7,1
2026-06-18,2026-06-17,Luinder Avila,KC,WSH,WSH,KC,3.373949365119454,0,,,,,,,,,,,,822721,679883,5,-2
2026-06-18,2026-06-17,Grant Holmes,ATL,SF,ATL,SF,4.197990560035706,0,,,,,,,,,,,,824912,656550,2,-2
2026-06-18,2026-06-17,Adrian Houser,SF,ATL,ATL,SF,3.848462953041846,0,,,,,,,,,,,,824912,605288,2,-2
2026-06-18,2026-06-17,Bradgley Rodriguez,SD,STL,STL,SD,1.3794703729103528,0,,,,,,,,,,,,823044,699134,1,-2
2026-06-18,2026-06-17,Sam Aldegheri,LAA,AZ,AZ,LAA,4.164731868571308,0,,,,,,,,2.5,over,0.7565487564040142,0.2132,825072,691951,1,-2
2026-06-18,2026-06-17,JR Ritchie,ATL,SF,ATL,SF,4.744699568268513,0,,,,,,,,3.5,over,0.6775650564595308,0.1342,824913,702275,4,-2
2026-06-18,2026-06-17,Sean Sullivan,COL,CHC,CHC,COL,1.390008522727317,0,,,,,,,,3.5,under,0.902655608921252,0.3593,824668,807743,2,-2
2026-06-19,2026-06-18,Sean Manaea,NYM,PHI,PHI,NYM,2.1680404341095256,1,5.5,under,prophetx,-130.0,0.5652173913043478,0.8324046336260651,0.2672,,,,,823448,640455,5,1
2026-06-19,2026-06-18,Trey Yesavage,TOR,BOS,BOS,TOR,4.278397567997857,1,7.5,under,draftkings,-105.0,0.5121951219512195,0.7553408301693283,0.2431,,,,,824748,702056,6,1
2026-06-19,2026-06-18,Joe Ryan,MIN,TEX,TEX,MIN,5.324602154885751,1,6.5,under,novig,104.0,0.4901960784313725,0.6081178727919961,0.1179,,,,,822889,657746,7,0
2026-06-19,2026-06-18,Noah Cameron,KC,STL,KC,STL,5.310083476314388,1,4.5,over,prophetx,125.0,0.4444444444444444,0.5421199022027481,0.0977,,,,,824098,702070,6,1
2026-06-19,2026-06-18,Landen Roupp,SF,ATL,ATL,SF,6.028902544200392,1,5.5,over,novig,141.0,0.4149377593360996,0.5005655007647023,0.0856,,,,,824911,694738,-1,-2
2026-06-19,2026-06-18,Gage Jump,ATH,LAA,ATH,LAA,4.829946748032445,1,5.5,under,betopenly,-104.0,0.5098039215686274,0.5831809189809497,0.0734,,,,,824989,695611,7,0
2026-06-19,2026-06-18,Jack Leiter,TEX,MIN,TEX,MIN,6.142984759674388,1,5.5,over,novig,120.0,0.4545454545454545,0.5278744602805577,0.0733,,,,,822889,683004,4,0
2026-06-19,2026-06-18,Matthew Liberatore,STL,KC,KC,STL,4.507209854672188,1,4.5,over,novig,153.0,0.3952569169960474,0.4463702681218156,0.0511,,,,,824098,669461,2,0
2026-06-19,2026-06-18,Sean Burke,CWS,NYY,NYY,CWS,4.783204249286791,1,5.5,under,novig,-125.0,0.5555555555555556,0.6010518613641751,0.0455,,,,,823533,680732,8,0
2026-06-19,2026-06-18,Parker Messick,CLE,MIL,MIL,CLE,3.878500130965892,1,4.5,under,betmgm,-125.0,0.5555555555555556,0.5892426957935251,0.0337,,,,,823772,800048,9,0
2026-06-19,2026-06-18,Aaron Nola,PHI,NYM,PHI,NYM,5.381890555798447,1,5.5,over,novig,130.0,0.4347826086956521,0.447683263664309,0.0129,,,,,823448,605400,6,1
2026-06-19,2026-06-18,Sonny Gray,BOS,TOR,BOS,TOR,3.802504119074064,1,3.5,over,draftkings,105.0,0.4878048780487805,0.4990035363891775,0.0112,,,,,824748,543243,4,1
2026-06-19,2026-06-18,Martín Pérez,ATL,SF,ATL,SF,4.490009910773336,1,4.5,over,novig,122.0,0.4504504504504504,0.4610348398486949,0.0106,,,,,824911,527048,-1,-2
2026-06-19,2026-06-18,Shane Baz,BAL,SEA,SEA,BAL,5.1630705137370185,1,5.5,under,bovada,-130.0,0.5652173913043478,0.5694790527075041,0.0043,,,,,823125,669358,9,0
2026-06-19,2026-06-18,Ryan Weathers,NYY,CWS,NYY,CWS,5.757400829269355,1,5.5,over,novig,-102.0,0.504950495049505,0.5087884594407817,0.0038,,,,,823533,677960,8,1
2026-06-19,2026-06-18,Bryan Woo,SEA,BAL,SEA,BAL,6.504446614075156,1,6.5,over,novig,113.0,0.4694835680751174,0.4709534408285772,0.0015,,,,,823125,693433,9,1
2026-06-19,2026-06-18,Shane Drohan,MIL,CLE,MIL,CLE,5.341144011055132,1,5.5,over,draftkings,115.0,0.4651162790697674,0.4456444779539536,-0.0195,,,,,823772,675660,3,0
2026-06-20,2026-06-19,Ben Brown,CHC,TOR,CHC,TOR,5.010689179526283,0,,,,,,,,,,,,824663,676962,4,-2
2026-06-20,2026-06-19,Kevin Gausman,TOR,CHC,CHC,TOR,4.643898683114436,0,,,,,,,,,,,,824663,592332,3,-2
2026-06-20,2026-06-19,Tarik Skubal,DET,CWS,DET,CWS,6.022164904604484,0,,,,,,,,,,,,824264,669373,8,-2
2026-06-20,2026-06-19,Brandon Eisert,CWS,DET,DET,CWS,1.5951304024003563,0,,,,,,,,,,,,824264,685126,2,-2
2026-06-20,2026-06-19,Cam Schlittler,NYY,CIN,NYY,CIN,6.697501525693072,0,,,,,,,,,,,,823534,693645,13,-2
2026-06-20,2026-06-19,Rhett Lowder,CIN,NYY,NYY,CIN,3.787168580083697,0,,,,,,,,,,,,823534,695076,5,-2
2026-06-20,2026-06-19,Griffin Jax,TB,WSH,TB,WSH,4.446941408859868,0,,,,,,,,,,,,822966,643377,5,-2
2026-06-20,2026-06-19,PJ Poulin,WSH,TB,TB,WSH,1.5265575895659451,0,,,,,,,,,,,,822966,676571,1,-2
2026-06-20,2026-06-19,Lake Bachar,MIA,SF,MIA,SF,3.55055579542893,0,,,,,,,,,,,,823853,669199,1,-2
2026-06-20,2026-06-19,Landen Roupp,SF,MIA,MIA,SF,5.988367209428506,0,,,,,,,,,,,,823853,694738,7,-2
2026-06-20,2026-06-19,Martín Pérez,ATL,MIL,ATL,MIL,4.229726251813783,0,,,,,,,,,,,,824910,527048,5,-2
2026-06-20,2026-06-19,Jacob Misiorowski,MIL,ATL,ATL,MIL,7.3795871597656335,0,,,,,,,,,,,,824910,694819,7,-2
2026-06-20,2026-06-19,Jacob deGrom,TEX,SD,TEX,SD,6.750721158672245,0,,,,,,,,,,,,822886,594798,9,-2
2026-06-20,2026-06-19,Randy Vásquez,SD,TEX,TEX,SD,3.900012289876441,0,,,,,,,,,,,,822886,681190,1,-2
2026-06-20,2026-06-19,Tatsuya Imai,HOU,CLE,HOU,CLE,5.915318086971248,0,,,,,,,,,,,,824179,837227,11,-2
2026-06-20,2026-06-19,Tanner Bibee,CLE,HOU,HOU,CLE,4.107018162387822,0,,,,,,,,,,,,824179,676440,7,-2
2026-06-20,2026-06-19,Seth Lugo,KC,STL,KC,STL,3.5871697648761054,0,,,,,,,,,,,,824097,607625,0,-2
2026-06-20,2026-06-19,Michael McGreevy,STL,KC,KC,STL,3.7818372170916734,0,,,,,,,,,,,,824097,700241,2,-2
2026-06-20,2026-06-19,Kyle Freeland,COL,PIT,COL,PIT,4.296015628883041,0,,,,,,,,,,,,824345,607536,8,-2
2026-06-20,2026-06-19,Bubba Chandler,PIT,COL,COL,PIT,4.551763423776141,0,,,,,,,,,,,,824345,696149,1,-2
2026-06-20,2026-06-19,Jeffrey Springs,ATH,LAA,ATH,LAA,4.876804360113696,0,,,,,,,,,,,,824990,605488,4,-2
2026-06-20,2026-06-19,José Soriano,LAA,ATH,ATH,LAA,6.045143219688844,0,,,,,,,,,,,,824990,667755,6,-2
2026-06-20,2026-06-19,Michael Soroka,AZ,MIN,AZ,MIN,4.906358660277295,0,,,,,,,,,,,,825069,647336,0,-2
2026-06-20,2026-06-19,Connor Prielipp,MIN,AZ,AZ,MIN,4.153696689455248,0,,,,,,,,,,,,825069,687570,4,-2
2026-06-20,2026-06-19,Roki Sasaki,LAD,BAL,LAD,BAL,6.2552484357376335,0,,,,,,,,,,,,823936,808963,6,-2
2026-06-20,2026-06-19,Trey Gibson,BAL,LAD,LAD,BAL,4.160832080012391,0,,,,,,,,,,,,823936,694346,8,-2
2026-06-20,2026-06-19,Bryce Miller,SEA,BOS,SEA,BOS,6.1873262007691245,0,,,,,,,,,,,,823124,682243,7,-2
2026-06-20,2026-06-19,Ranger Suarez,BOS,SEA,SEA,BOS,4.6799441592184925,0,,,,,,,,,,,,823124,624133,5,-2
2026-06-21,2026-06-20,Troy Melton,DET,CWS,DET,CWS,3.810812765874021,1,4.5,over,pinnacle,122.0,0.4504504504504504,0.4295265957609715,-0.0209,4.0,under,0.5704734042390285,0.0271,824263,675512,5,1
2026-06-21,2026-06-20,Sean Newcomb,CWS,DET,DET,CWS,1.3448362961897014,0,,,,,,,,,,,,824263,656794,4,-2
2026-06-21,2026-06-20,Will Warren,NYY,CIN,NYY,CIN,5.470217282376401,1,5.5,over,pinnacle,-130.0,0.5652173913043478,0.5241802283033633,-0.041,6.0,under,0.620031855526082,0.0767,823532,701542,8,1
2026-06-21,2026-06-20,Andrew Abbott,CIN,NYY,NYY,CIN,4.672123081056833,1,4.5,over,betrivers,114.0,0.4672897196261682,0.4530006160809431,-0.0143,4.5,under,0.5469993839190569,0.0036,823532,671096,6,1
2026-06-21,2026-06-20,Colin Rea,CHC,TOR,CHC,TOR,4.432162707337856,1,3.5,over,betrivers,-117.0,0.5391705069124424,0.6142713501156783,0.0751,3.5,over,0.6142713501156783,0.0709,824665,607067,3,0
2026-06-21,2026-06-20,Patrick Corbin,TOR,CHC,CHC,TOR,3.789693595134182,1,3.5,over,novig,-100.0,0.5,0.5359191923940099,0.0359,3.5,over,0.5359191923940099,-0.0075,824665,571578,4,1
2026-06-21,2026-06-20,MacKenzie Gore,TEX,SD,TEX,SD,7.5909336518582675,1,6.5,over,pinnacle,122.0,0.4504504504504504,0.4548030501987588,0.0044,,,,,822885,669022,6,0
2026-06-21,2026-06-20,Walker Buehler,SD,TEX,TEX,SD,3.9351858679551786,1,4.5,over,pinnacle,130.0,0.4347826086956521,0.4446047878308575,0.0098,4.0,over,0.4446047878308575,-0.0988,822885,621111,7,1
2026-06-21,2026-06-20,Ian Seymour,TB,WSH,TB,WSH,3.890836838116485,1,4.5,under,betrivers,-124.0,0.5535714285714286,0.5580452001099416,0.0045,4.5,under,0.5580452001099416,0.0147,822967,693855,4,1
2026-06-21,2026-06-20,Cade Cavalli,WSH,TB,TB,WSH,5.090073068555931,1,4.5,over,betrivers,105.0,0.4878048780487805,0.5589232974140464,0.0711,4.5,over,0.5589232974140464,0.0155,822967,676917,1,0
2026-06-21,2026-06-20,Max Meyer,MIA,SF,MIA,SF,5.042151511257596,1,5.5,under,pinnacle,110.0,0.4761904761904761,0.5378888681677731,0.0617,,,,,823854,676974,7,0
2026-06-21,2026-06-20,Trevor McDonald,SF,MIA,MIA,SF,5.308881097924892,1,4.5,over,betrivers,107.0,0.4830917874396135,0.5616587633143634,0.0786,4.5,over,0.5616587633143634,0.0183,823854,686790,1,0
2026-06-21,2026-06-20,Chris Sale,ATL,MIL,ATL,MIL,7.110457251519861,1,7.5,over,fanduel,116.0,0.4629629629629629,0.4715042521304844,0.0085,7.0,over,0.4715042521304844,-0.0719,824909,519242,7,0
2026-06-21,2026-06-20,Kyle Harrison,MIL,ATL,ATL,MIL,5.977128257846453,1,5.5,under,pinnacle,113.0,0.4694835680751174,0.4815780172446166,0.0121,6.0,under,0.6256096674451554,0.0822,824909,690986,7,0
2026-06-21,2026-06-20,Spencer Arrighetti,HOU,CLE,HOU,CLE,5.753084095865751,1,5.5,over,betrivers,-132.0,0.5689655172413793,0.557026903984672,-0.0119,6.0,under,0.587495618953964,0.0441,824180,681293,8,1
2026-06-21,2026-06-20,Joey Cantillo,CLE,HOU,HOU,CLE,4.398478846417118,1,4.5,over,pinnacle,-102.0,0.504950495049505,0.5787017722491866,0.0738,4.5,over,0.5787017722491866,0.0353,824180,676282,9,1
2026-06-21,2026-06-20,Cristopher Sánchez,PHI,NYM,PHI,NYM,7.471922439790346,1,7.5,over,pinnacle,125.0,0.4444444444444444,0.4773763563822899,0.0329,7.0,over,0.4773763563822899,-0.066,823447,650911,5,0
2026-06-21,2026-06-20,Freddy Peralta,NYM,PHI,PHI,NYM,4.812716401204418,1,5.5,over,pinnacle,121.0,0.4524886877828054,0.4514494083584759,-0.001,5.0,over,0.4514494083584759,-0.0919,823447,642547,2,0
2026-06-21,2026-06-20,Tomoyuki Sugano,COL,PIT,COL,PIT,3.83408694499271,0,,,,,,,,,,,,824342,608372,5,-2
2026-06-21,2026-06-20,Paul Skenes,PIT,COL,COL,PIT,5.821449531109761,1,6.5,under,betrivers,-103.0,0.5073891625615764,0.5845831324708859,0.0772,6.5,under,0.5845831324708859,0.0412,824342,694973,8,0
2026-06-21,2026-06-20,J.T. Ginn,ATH,LAA,ATH,LAA,4.918326264660491,1,5.5,over,betrivers,114.0,0.4672897196261682,0.4581797924586047,-0.0091,5.0,over,0.4581797924586047,-0.0852,824988,669372,5,0
2026-06-21,2026-06-20,Walbert Ureña,LAA,ATH,ATH,LAA,5.666738272368666,0,,,,,,,,,,,,824988,700712,6,-2
2026-06-21,2026-06-20,Yoshinobu Yamamoto,LAD,BAL,LAD,BAL,7.47977448134765,1,7.5,under,betrivers,-150.0,0.6,0.5866712193654151,-0.0133,7.0,under,0.5866712193654151,0.0433,823937,808967,6,1
2026-06-21,2026-06-20,Trevor Rogers,BAL,LAD,LAD,BAL,3.2350065471115914,1,3.5,over,betrivers,-152.0,0.6031746031746031,0.5858764042237157,-0.0173,4.0,under,0.589466965493936,0.0461,823937,669432,6,1
2026-06-21,2026-06-20,Emerson Hancock,SEA,BOS,SEA,BOS,5.39826170166425,1,5.5,over,betrivers,117.0,0.4608294930875576,0.4804958166851454,0.0197,5.0,over,0.4804958166851454,-0.0629,823126,676106,6,1
2026-06-21,2026-06-20,Connelly Early,BOS,SEA,SEA,BOS,5.442397293060529,1,6.5,under,betrivers,-143.0,0.588477366255144,0.6296667775566116,0.0412,6.0,under,0.6296667775566116,0.0863,823126,813349,7,0
2026-06-21,2026-06-20,Zac Gallen,AZ,MIN,AZ,MIN,3.973176231197542,1,4.5,over,betrivers,108.0,0.4807692307692308,0.5520381759203156,0.0713,4.0,over,0.5520381759203156,0.0087,825068,668678,2,0
2026-06-21,2026-06-20,Taj Bradley,MIN,AZ,AZ,MIN,6.152050790243274,1,4.5,over,betrivers,-122.0,0.5495495495495496,0.6245018426869866,0.075,5.0,over,0.4698779390226463,-0.0735,825068,671737,4,0
2026-06-22,2026-06-21,Zack Wheeler,PHI,NYM,PHI,NYM,6.150463150557129,1,4.5,over,novig,108.0,0.4807692307692308,0.6297162415304544,0.1489,,,,,823449,554430,7,1
2026-06-22,2026-06-21,Jared Jones,PIT,COL,COL,PIT,3.522701246679866,1,5.5,under,betrivers,-159.0,0.6138996138996139,0.7266310924963555,0.1127,,,,,824343,683003,3,1
2026-06-22,2026-06-21,Michael Lorenzen,COL,PIT,COL,PIT,3.4875037371884354,1,4.5,under,fanatics,-115.0,0.5348837209302325,0.6228337728458617,0.088,,,,,824343,547179,5,0
2026-06-22,2026-06-21,Reid Detmers,LAA,ATH,ATH,LAA,5.587517464041508,1,6.5,under,fanatics,100.0,0.5,0.5864110414496743,0.0864,,,,,824987,672282,4,1
2026-06-22,2026-06-21,Payton Tolle,BOS,SEA,SEA,BOS,4.811996130971135,1,6.5,under,betrivers,-157.0,0.6108949416342413,0.6846218175236717,0.0737,,,,,823123,801139,2,1
2026-06-22,2026-06-21,Davis Martin,CWS,DET,DET,CWS,6.221263724600374,1,5.5,over,betrivers,120.0,0.4545454545454545,0.5229779570204178,0.0684,,,,,824260,663436,4,0
2026-06-22,2026-06-21,Robert Gasser,MIL,ATL,ATL,MIL,4.473044937643392,1,5.5,under,draftkings,-127.0,0.5594713656387665,0.6206032555945709,0.0611,,,,,824908,688107,7,0
2026-06-22,2026-06-21,Mike Paredes,MIN,AZ,AZ,MIN,3.451138506346078,1,4.5,under,hardrock,-145.0,0.5918367346938775,0.6467674997895723,0.0549,,,,,825067,702474,1,1
2026-06-22,2026-06-21,Dylan Cease,TOR,CHC,CHC,TOR,6.4026914611152375,1,6.5,under,draftkings,119.0,0.45662100456621,0.5028460343139494,0.0462,,,,,824664,656302,-1,-2
2026-06-22,2026-06-21,Ryan Gusto,MIA,SF,MIA,SF,3.218146341635497,1,3.5,under,betrivers,100.0,0.5,0.540339676150783,0.0403,,,,,823852,687473,6,0
2026-06-22,2026-06-21,Emmet Sheehan,LAD,BAL,LAD,BAL,5.81431687609197,1,6.5,under,betrivers,-114.0,0.5327102803738317,0.5719498401247977,0.0392,,,,,823934,686218,4,1
2026-06-22,2026-06-21,Jack Perkins,ATH,LAA,ATH,LAA,6.315346561197168,1,5.5,over,hardrock,-110.0,0.5238095238095238,0.5543409011936206,0.0305,,,,,824987,678022,8,1
2026-06-22,2026-06-21,Stephen Kolek,KC,STL,KC,STL,3.0878351240979733,1,3.5,under,betrivers,-121.0,0.5475113122171946,0.5721980722521915,0.0247,,,,,824095,663568,0,1
2026-06-22,2026-06-21,Dustin May,STL,KC,KC,STL,4.427772540874213,1,5.5,under,betrivers,-167.0,0.6254681647940075,0.6471735263388806,0.0217,,,,,824095,669160,2,1
2026-06-22,2026-06-21,Kai-Wei Teng,HOU,CLE,HOU,CLE,6.082573199667648,1,5.5,over,betrivers,-104.0,0.5098039215686274,0.5282517315184775,0.0184,,,,,824177,678906,4,0
2026-06-22,2026-06-21,David Peterson,NYM,PHI,PHI,NYM,4.303560521261929,1,4.5,under,betrivers,-107.0,0.5169082125603864,0.533830102612137,0.0169,,,,,823449,656849,5,0
2026-06-22,2026-06-21,Bryce Elder,ATL,MIL,ATL,MIL,4.551228906068837,1,4.5,over,betrivers,120.0,0.4545454545454545,0.4669975695917459,0.0125,,,,,824908,693821,6,1
2026-06-22,2026-06-21,Logan Webb,SF,MIA,MIA,SF,5.2841237267097885,1,5.5,under,betrivers,-112.0,0.5283018867924528,0.5325846995296706,0.0043,,,,,823852,657277,5,1
2026-06-22,2026-06-21,Slade Cecconi,CLE,HOU,HOU,CLE,3.83127987936765,1,4.5,under,betrivers,-167.0,0.6254681647940075,0.6177934223999956,-0.0077,,,,,824177,677944,1,1
2026-06-22,2026-06-21,Keider Montero,DET,CWS,DET,CWS,3.862234757228828,1,3.5,over,betrivers,-113.0,0.5305164319248826,0.5195461172893306,-0.011,,,,,824260,672456,3,0
2026-06-22,2026-06-21,Nick Martinez,TB,WSH,TB,WSH,4.1285660251470455,1,3.5,over,betrivers,-137.0,0.5780590717299579,0.5644204726473616,-0.0136,,,,,822968,607259,5,1
2026-06-22,2026-06-21,Logan Gilbert,SEA,BOS,SEA,BOS,7.420568227004495,1,6.5,over,betrivers,-148.0,0.5967741935483871,0.5804999882772452,-0.0163,,,,,823123,669302,8,1
2026-06-22,2026-06-21,Elmer Rodríguez,NYY,CIN,NYY,CIN,4.258750465641278,1,3.5,over,betrivers,-157.0,0.6108949416342413,0.5882268346509322,-0.0227,,,,,823531,695684,4,1
2026-06-22,2026-06-21,Nathan Eovaldi,TEX,SD,TEX,SD,5.935548970558409,1,5.5,over,betrivers,-132.0,0.5689655172413793,0.5353397878795738,-0.0336,,,,,822883,543135,9,1
2026-06-22,2026-06-21,Chase Burns,CIN,NYY,NYY,CIN,7.011151470702157,1,7.5,under,betrivers,-159.0,0.6138996138996139,0.5792502483927967,-0.0346,,,,,823531,695505,7,1
2026-06-22,2026-06-21,Shota Imanaga,CHC,TOR,CHC,TOR,4.867212689932766,1,4.5,over,parx,-152.0,0.6031746031746031,0.5423265747816797,-0.0608,,,,,824664,684007,-1,-2
2026-06-22,2026-06-21,Brandon Young,BAL,LAD,LAD,BAL,4.053300056056256,1,3.5,over,betrivers,-175.0,0.6363636363636364,0.5754309688934001,-0.0609,,,,,823934,687064,5,1
2026-06-22,2026-06-21,Andrew Alvarez,WSH,TB,TB,WSH,3.794320264777835,1,3.5,over,betrivers,-162.0,0.6183206106870229,0.5414972820205726,-0.0768,,,,,822968,674841,6,1
2026-06-22,2026-06-21,Wandy Peralta,SD,TEX,TEX,SD,1.1704660954791897,0,,,,,,,,,,,,822883,593974,0,-2
2026-06-22,2026-06-21,Jose Cabrera,AZ,MIN,AZ,MIN,2.044217005943067,0,,,,,,,,,,,,825067,703615,3,-2
2026-06-23,2026-06-22,Andre Pallante,STL,AZ,STL,AZ,5.298684673913045,1,3.5,over,pinnacle,-123.0,0.5515695067264574,0.6733298715513486,0.1218,,,,,823040,669467,2,0
2026-06-23,2026-06-22,Merrill Kelly,AZ,STL,STL,AZ,4.776284662870831,1,3.5,over,betrivers,-103.0,0.5073891625615764,0.6097790012210137,0.1024,,,,,823040,518876,2,0
2026-06-23,2026-06-22,Gerrit Cole,NYY,DET,DET,NYY,4.780718483630134,1,5.5,under,pinnacle,-108.0,0.5192307692307693,0.6066926087717471,0.0875,,,,,824261,543037,5,1
2026-06-23,2026-06-22,Kyle Bradish,BAL,LAA,LAA,BAL,5.145813442969764,1,6.5,under,betrivers,-125.0,0.5555555555555556,0.6376186337509474,0.0821,,,,,824016,680694,9,0
2026-06-23,2026-06-22,Gavin Williams,CLE,CWS,CWS,CLE,6.079701678993461,1,4.5,over,caesars,-130.0,0.5652173913043478,0.6397366059860086,0.0745,,,,,824585,668909,8,1
2026-06-23,2026-06-22,Brady Singer,CIN,MIL,CIN,MIL,4.7478645438705644,1,5.5,under,novig,-113.0,0.5305164319248826,0.5914522429316333,0.0609,,,,,824502,663903,7,0
2026-06-23,2026-06-22,Zebby Matthews,MIN,LAD,MIN,LAD,5.14423729555071,1,4.5,over,pinnacle,103.0,0.4926108374384236,0.5355518716395454,0.0429,,,,,823692,805673,5,1
2026-06-23,2026-06-22,Dylan Cease,TOR,HOU,TOR,HOU,7.979374165649328,1,7.5,over,betrivers,120.0,0.4545454545454545,0.4972006344640092,0.0427,,,,,822800,656302,8,1
2026-06-23,2026-06-22,Shota Imanaga,CHC,NYM,NYM,CHC,4.543991491038226,1,5.5,under,betrivers,-139.0,0.5815899581589958,0.6219046546911311,0.0403,,,,,823613,684007,-1,-2
2026-06-23,2026-06-22,Eric Lauer,LAD,MIN,MIN,LAD,3.432879366836786,1,3.5,under,betrivers,112.0,0.4716981132075472,0.5081482365710503,0.0365,,,,,823692,641778,2,1
2026-06-23,2026-06-22,Ryan Feltner,COL,BOS,COL,BOS,4.296401408174241,1,3.5,over,betrivers,-113.0,0.5305164319248826,0.5663713064081304,0.0359,,,,,824344,663372,2,0
2026-06-23,2026-06-22,Kodai Senga,NYM,CHC,NYM,CHC,5.176686521421739,1,4.5,over,betrivers,-108.0,0.5192307692307693,0.544041699414692,0.0248,,,,,823613,673540,-1,-2
2026-06-23,2026-06-22,Anthony Kay,CWS,CLE,CWS,CLE,4.791258262604957,1,4.5,over,caesars,101.0,0.4975124378109453,0.5180207912410137,0.0205,,,,,824585,641743,8,1
2026-06-23,2026-06-22,Framber Valdez,DET,NYY,DET,NYY,5.433883502797324,1,4.5,over,caesars,-140.0,0.5833333333333334,0.592483129514192,0.0091,,,,,824261,664285,8,1
2026-06-23,2026-06-22,Michael King,SD,ATL,SD,ATL,5.243899700043833,1,4.5,over,betrivers,-127.0,0.5594713656387665,0.5633858365732938,0.0039,,,,,823288,650633,5,1
2026-06-23,2026-06-22,Tyler Phillips,MIA,TEX,MIA,TEX,3.9971436277496255,1,4.5,under,betrivers,-141.0,0.5850622406639004,0.5881905198103086,0.0031,,,,,823851,663969,4,1
2026-06-23,2026-06-22,Hunter Brown,HOU,TOR,TOR,HOU,5.375319843683136,1,5.5,under,betrivers,-114.0,0.5327102803738317,0.5259615560106552,-0.0067,,,,,822800,686613,4,1
2026-06-23,2026-06-22,Jake Bennett,BOS,COL,COL,BOS,3.621029679744353,1,3.5,over,betrivers,106.0,0.4854368932038835,0.4775388856636219,-0.0079,,,,,824344,687562,9,1
2026-06-23,2026-06-22,Grant Holmes,ATL,SD,SD,ATL,4.562116912362046,1,4.5,over,betrivers,107.0,0.4830917874396135,0.4718713998976786,-0.0112,,,,,823288,656550,4,0
2026-06-23,2026-06-22,Michael Wacha,KC,TB,TB,KC,3.8370346938269817,1,4.5,under,betrivers,-175.0,0.6363636363636364,0.6206227078853943,-0.0157,,,,,822964,608379,5,0
2026-06-23,2026-06-22,Sam Aldegheri,LAA,BAL,LAA,BAL,4.236081147733255,1,4.5,over,betrivers,125.0,0.4444444444444444,0.42482310675062,-0.0196,,,,,824016,691951,3,0
2026-06-23,2026-06-22,Foster Griffin,WSH,PHI,WSH,PHI,5.113350061488873,1,5.5,under,betrivers,-157.0,0.6108949416342413,0.5770723439334742,-0.0338,,,,,822720,656492,9,0
2026-06-23,2026-06-22,Drew Rasmussen,TB,KC,TB,KC,5.880521803054426,1,5.5,over,betrivers,-162.0,0.6183206106870229,0.5465394654136406,-0.0718,,,,,822964,656876,5,0
2026-06-23,2026-06-22,Tyler Alexander,TEX,MIA,MIA,TEX,1.207115042996014,0,,,,,,,,,,,,823851,641302,1,-2
2026-06-24,2026-06-23,Eduardo Rodriguez,AZ,STL,STL,AZ,4.101528340778955,1,5.5,under,pinnacle,-101.0,0.5024875621890548,0.6353457583405777,0.1329,,,,,823043,593958,5,1
2026-06-24,2026-06-23,George Kirby,SEA,PIT,PIT,SEA,5.133930535085243,1,5.5,under,pinnacle,124.0,0.4464285714285714,0.5528012671295802,0.1064,,,,,823365,669923,5,1
2026-06-24,2026-06-23,Parker Messick,CLE,CWS,CWS,CLE,4.642084643383589,1,5.5,under,caesars,105.0,0.4878048780487805,0.5917945586899681,0.104,,,,,824584,800048,10,0
2026-06-24,2026-06-23,Sonny Gray,BOS,COL,COL,BOS,3.9452064926354926,1,4.5,under,betrivers,117.0,0.4608294930875576,0.5475816358278742,0.0868,,,,,824340,543243,11,0
2026-06-24,2026-06-23,Jesús Luzardo,PHI,WSH,WSH,PHI,5.2217686701603885,1,5.5,under,betrivers,120.0,0.4545454545454545,0.5124291022801548,0.0579,,,,,822718,666200,13,0
2026-06-24,2026-06-23,Robbie Ray,SF,ATH,SF,ATH,5.098592274090153,1,5.5,under,betrivers,108.0,0.4807692307692308,0.5338608708315036,0.0531,,,,,823210,592662,6,0
2026-06-24,2026-06-23,Justin Wrobleski,LAD,MIN,MIN,LAD,3.557935830513748,1,4.5,under,betrivers,-137.0,0.5780590717299579,0.6307538310621632,0.0527,,,,,823690,680736,3,1
2026-06-24,2026-06-23,Nick Lodolo,CIN,MIL,CIN,MIL,4.36821738911066,1,4.5,under,betrivers,120.0,0.4545454545454545,0.5047391639067885,0.0502,,,,,824501,666157,6,0
2026-06-24,2026-06-23,Sean Sullivan,COL,BOS,COL,BOS,3.970902182273945,1,3.5,over,betrivers,117.0,0.4608294930875576,0.5092517385048506,0.0484,,,,,824340,807743,3,0
2026-06-24,2026-06-23,Edward Cabrera,CHC,NYM,NYM,CHC,5.096652433362736,1,4.5,over,novig,-104.0,0.5098039215686274,0.5497861621055544,0.04,,,,,823614,665795,4,0
2026-06-24,2026-06-23,Kyle Leahy,STL,AZ,STL,AZ,3.471943250643314,1,3.5,under,betrivers,116.0,0.4629629629629629,0.4997344607822154,0.0368,,,,,823043,681517,3,1
2026-06-24,2026-06-23,Ryan Johnson,LAA,BAL,LAA,BAL,4.770370897387471,1,4.5,over,betrivers,118.0,0.4587155963302752,0.4890725423175546,0.0304,,,,,824017,696270,8,1
2026-06-24,2026-06-23,Carlos Rodón,NYY,DET,DET,NYY,5.6414374790473065,1,5.5,under,pinnacle,114.0,0.4672897196261682,0.4832391294945563,0.0159,,,,,824262,607074,5,1
2026-06-24,2026-06-23,Shane Baz,BAL,LAA,LAA,BAL,5.275726297608565,1,5.5,under,betrivers,-108.0,0.5192307692307693,0.5303906232511352,0.0112,,,,,824017,669358,5,1
2026-06-24,2026-06-23,Luinder Avila,KC,TB,TB,KC,3.5965408811952564,1,3.5,over,pinnacle,117.0,0.4608294930875576,0.4720172190129439,0.0112,,,,,822963,679883,6,1
2026-06-24,2026-06-23,Sandy Alcantara,MIA,TEX,MIA,TEX,5.342348095060806,1,5.5,over,parx,128.0,0.4385964912280701,0.4417399720937607,0.0031,,,,,823849,645261,4,0
2026-06-24,2026-06-23,Shane McClanahan,TB,KC,TB,KC,5.408074910885713,1,5.5,over,betrivers,120.0,0.4545454545454545,0.4498981307408317,-0.0046,,,,,822963,663556,4,0
2026-06-24,2026-06-23,Kodai Senga,NYM,CHC,NYM,CHC,4.605834681076852,1,4.5,under,betrivers,100.0,0.5,0.49417436291334,-0.0058,,,,,823614,673540,6,0
2026-06-24,2026-06-23,Brandon Sproat,MIL,CIN,CIN,MIL,4.704242182720666,1,4.5,under,caesars,100.0,0.5,0.4932680899050315,-0.0067,,,,,824501,687075,10,0
2026-06-24,2026-06-23,JR Ritchie,ATL,SD,SD,ATL,4.485430150496366,1,3.5,over,betrivers,-167.0,0.6254681647940075,0.6151846325745456,-0.0103,,,,,823286,702275,7,1
2026-06-24,2026-06-23,Mitch Keller,PIT,SEA,PIT,SEA,4.901047553680239,1,4.5,over,betrivers,-117.0,0.5391705069124424,0.5239015514601886,-0.0153,,,,,823365,656605,4,0
2026-06-24,2026-06-23,Casey Mize,DET,NYY,DET,NYY,5.496496107563011,1,5.5,over,pinnacle,103.0,0.4926108374384236,0.4742254809343399,-0.0184,,,,,824262,663554,6,1
2026-06-24,2026-06-23,Aaron Civale,ATH,SF,SF,ATH,3.3878880607456585,1,3.5,under,betrivers,-132.0,0.5689655172413793,0.5445029814269098,-0.0245,,,,,823210,650644,5,0
2026-06-24,2026-06-23,Peter Lambert,HOU,TOR,TOR,HOU,4.085656651941796,1,3.5,over,betrivers,-148.0,0.5967741935483871,0.5651955256491015,-0.0316,,,,,822799,663567,6,1
2026-06-24,2026-06-23,Sean Burke,CWS,CLE,CWS,CLE,5.596373210389763,1,5.5,over,fanatics,-150.0,0.6,0.5228277053027934,-0.0772,,,,,824584,680732,6,1
2026-06-24,2026-06-23,Shane Bieber,TOR,HOU,TOR,HOU,2.152576390402736,0,,,,,,,,,,,,822799,669456,2,-2
2026-06-24,2026-06-23,PJ Poulin,WSH,PHI,WSH,PHI,1.791560569581228,0,,,,,,,,,,,,822718,676571,1,-2
2026-06-24,2026-06-23,Kendry Rojas,MIN,LAD,MIN,LAD,1.5454749880926493,0,,,,,,,,,,,,823690,696070,4,-2
2026-06-24,2026-06-23,Wandy Peralta,SD,ATL,SD,ATL,1.3627932972265526,0,,,,,,,,,,,,823286,593974,2,-2
2026-06-25,2026-06-24,Braxton Ashcraft,PIT,SEA,PIT,SEA,6.224655043805992,1,5.5,over,prophetx,275.0,0.2666666666666666,0.5077216980543564,0.2411,,,,,823367,677952,10,1
2026-06-25,2026-06-24,Tarik Skubal,DET,NYY,DET,NYY,6.137499787693507,1,6.5,under,novig,135.0,0.425531914893617,0.5783523634943943,0.1528,,,,,824259,669373,9,0
2026-06-25,2026-06-24,Joe Ryan,MIN,LAD,MIN,LAD,5.718889497020883,1,5.5,over,prophetx,210.0,0.3225806451612903,0.4711508327781071,0.1486,,,,,823691,657746,9,1
2026-06-25,2026-06-24,Ryan Weathers,NYY,DET,DET,NYY,5.115397433316056,1,5.5,under,betrivers,102.0,0.495049504950495,0.6056689726003288,0.1106,,,,,824259,677960,6,0
2026-06-25,2026-06-24,Shane Drohan,MIL,CIN,CIN,MIL,5.176526453791063,1,4.5,over,novig,115.0,0.4651162790697674,0.5681454211209014,0.103,,,,,824500,675660,5,1
2026-06-25,2026-06-24,Shota Imanaga,CHC,NYM,NYM,CHC,4.272076757180555,1,5.5,under,fanatics,-115.0,0.5348837209302325,0.6333367486012516,0.0985,,,,,823611,684007,4,1
2026-06-25,2026-06-24,Trey Yesavage,TOR,HOU,TOR,HOU,5.216513099288103,1,5.5,under,pinnacle,-103.0,0.5073891625615764,0.5981066168334861,0.0907,,,,,822798,702056,5,1
2026-06-25,2026-06-24,Matthew Liberatore,STL,AZ,STL,AZ,4.240466814756449,1,3.5,over,betrivers,118.0,0.4587155963302752,0.5382482433954258,0.0795,,,,,823041,669461,3,0
2026-06-25,2026-06-24,Ranger Suarez,BOS,COL,COL,BOS,4.818774530778557,1,6.5,under,hardrock,-155.0,0.6078431372549019,0.6847997313298498,0.077,,,,,824341,624133,9,0
2026-06-25,2026-06-24,Mike Burrows,HOU,TOR,TOR,HOU,4.214966053282435,1,5.5,under,pinnacle,-134.0,0.5726495726495726,0.6493150245753817,0.0767,,,,,822798,681347,3,1
2026-06-25,2026-06-24,Bryan Woo,SEA,PIT,PIT,SEA,4.79561310645368,1,5.5,under,betrivers,-125.0,0.5555555555555556,0.6297196470748002,0.0742,,,,,823367,693433,4,1
2026-06-25,2026-06-24,Sean Manaea,NYM,CHC,NYM,CHC,4.492542878913973,1,5.5,under,betrivers,-124.0,0.5535714285714286,0.6165000181270395,0.0629,,,,,823611,640455,4,1
2026-06-25,2026-06-24,Martín Pérez,ATL,SD,SD,ATL,3.58306514339029,1,4.5,under,pinnacle,-146.0,0.5934959349593496,0.636087022154076,0.0426,,,,,823284,527048,4,1
2026-06-25,2026-06-24,Aaron Nola,PHI,WSH,WSH,PHI,4.929589446695808,1,4.5,over,prophetx,-116.0,0.5370370370370371,0.5720595880161107,0.035,,,,,822719,605400,5,1
2026-06-25,2026-06-24,Kyle Freeland,COL,BOS,COL,BOS,3.8576522614049606,1,3.5,over,hardrock,-105.0,0.5121951219512195,0.5353635279329447,0.0232,,,,,824341,607536,4,1
2026-06-25,2026-06-24,José Soriano,LAA,BAL,LAA,BAL,7.039930011405575,1,6.5,over,betrivers,-103.0,0.5073891625615764,0.5212173912205148,0.0138,,,,,824018,667755,4,0
2026-06-25,2026-06-24,Rhett Lowder,CIN,MIL,CIN,MIL,3.875737923543458,1,4.5,under,betrivers,-157.0,0.6108949416342413,0.6133443342014226,0.0024,,,,,824500,695076,6,0
2026-06-25,2026-06-24,Trey Gibson,BAL,LAA,LAA,BAL,5.372317768665386,1,4.5,under,novig,-100.0,0.5,0.501774720750088,0.0018,,,,,824018,694346,5,0
2026-06-25,2026-06-24,Griffin Jax,TB,KC,TB,KC,5.347028330648659,1,4.5,over,betrivers,-143.0,0.588477366255144,0.586180315891266,-0.0023,,,,,822965,643377,7,1
2026-06-25,2026-06-24,Shohei Ohtani,LAD,MIN,MIN,LAD,6.518080850347562,1,6.5,over,novig,108.0,0.4807692307692308,0.4758711546362416,-0.0049,,,,,823691,660271,8,1
2026-06-25,2026-06-24,Noah Cameron,KC,TB,TB,KC,4.539148584288561,1,4.5,over,betrivers,112.0,0.4716981132075472,0.465189570303612,-0.0065,,,,,822965,702070,5,1
2026-06-25,2026-06-24,Nolan McLean,NYM,CHC,NYM,CHC,6.430323631173879,1,5.5,over,betrivers,-162.0,0.6183206106870229,0.5994246723710195,-0.0189,,,,,823613,690997,9,1
2026-06-25,2026-06-24,Tyler Mahle,SF,ATH,SF,ATH,4.27762115879642,1,4.5,under,betrivers,-136.0,0.576271186440678,0.5539565586881265,-0.0223,,,,,823208,641816,4,1
2026-06-25,2026-06-24,Jacob deGrom,TEX,MIA,MIA,TEX,6.916328997054707,1,6.5,over,betrivers,-137.0,0.5780590717299579,0.5439848003382523,-0.0341,,,,,823850,594798,8,1
2026-06-25,2026-06-24,Tanner Bibee,CLE,CWS,CWS,CLE,5.130158064954664,1,5.5,under,betrivers,-159.0,0.6138996138996139,0.5771317151602151,-0.0368,,,,,824583,676440,3,1
2026-06-25,2026-06-24,Erick Fedde,CWS,CLE,CWS,CLE,4.159756097276392,1,3.5,over,betrivers,-175.0,0.6363636363636364,0.585555066386784,-0.0508,,,,,824583,607200,2,0
2026-06-25,2026-06-24,Gage Jump,ATH,SF,SF,ATH,4.789428083685978,1,4.5,over,betrivers,-143.0,0.588477366255144,0.5299990444824927,-0.0585,,,,,823208,695611,9,1
2026-06-25,2026-06-24,Javier Assad,CHC,NYM,NYM,CHC,3.5569369918049056,1,3.5,over,betrivers,-150.0,0.6,0.5333958685910926,-0.0666,,,,,823613,665871,5,1
2026-06-25,2026-06-24,Eury Pérez,MIA,TEX,MIA,TEX,5.576800660648264,0,,,,,,,,,,,,823850,691587,1,-2
2026-06-26,2026-06-25,Cam Schlittler,NYY,BOS,BOS,NYY,4.927779652346912,1,6.5,under,novig,-125.0,0.5555555555555556,0.6686030286164397,0.113,6.5,under,0.6530839291994222,0.1097,824747,693645,9,0
2026-06-26,2026-06-25,Connelly Early,BOS,NYY,BOS,NYY,5.09415751230241,1,5.5,under,bet365,-105.0,0.5121951219512195,0.5511987252425631,0.039,5.5,under,0.5228328796346474,-0.0205,824747,813349,9,0
2026-06-26,2026-06-25,Matthew Boyd,CHC,NYM,NYM,CHC,4.230564188603292,1,4.5,under,novig,-111.0,0.5260663507109005,0.5523287614118644,0.0263,,,,,823612,571510,4,1
2026-06-26,2026-06-25,Freddy Peralta,NYM,CHC,NYM,CHC,4.922596840558068,1,5.5,under,novig,-127.0,0.5594713656387665,0.5851341782492805,0.0257,5.0,over,0.4702626950481174,-0.0731,823612,642547,5,1
2026-06-26,2026-06-25,Cristopher Sánchez,PHI,WSH,WSH,PHI,5.671095437842956,1,6.5,under,betrivers,-136.0,0.576271186440678,0.5994570615646838,0.0232,6.5,under,0.5064813789625686,-0.0369,822717,650911,6,1
2026-06-26,2026-06-25,Michael McGreevy,STL,AZ,STL,AZ,3.6509973110768654,1,2.5,over,pinnacle,-170.0,0.6296296296296297,0.6488409053206212,0.0192,3.0,over,0.6868923360792727,0.1435,823042,700241,-1,-2
2026-06-26,2026-06-25,Troy Melton,DET,HOU,DET,HOU,3.9495487067865183,1,4.5,under,parx,-148.0,0.5967741935483871,0.6093694906367754,0.0126,4.0,over,0.4697593495084047,-0.0736,824258,675512,6,0
2026-06-26,2026-06-25,Bryce Miller,SEA,PIT,PIT,SEA,5.184350673935808,1,5.5,under,betrivers,-120.0,0.5454545454545454,0.5477881055328554,0.0023,,,,,823366,682243,11,0
2026-06-26,2026-06-25,Cade Cavalli,WSH,PHI,WSH,PHI,5.283791884656669,1,4.5,over,betrivers,-136.0,0.576271186440678,0.5725222973322471,-0.0037,5.0,under,0.5656307726436987,0.0223,822717,676917,7,1
2026-06-26,2026-06-25,Zac Gallen,AZ,STL,STL,AZ,3.7032849141356015,1,3.5,over,pinnacle,-103.0,0.5073891625615764,0.5035314838618526,-0.0039,3.5,over,0.5188259252627093,-0.0246,823042,668678,-1,-2
2026-06-26,2026-06-25,Seth Lugo,KC,TB,TB,KC,3.9346384276964166,1,4.5,under,betrivers,-167.0,0.6254681647940075,0.6068902994758425,-0.0186,,,,,822961,607625,3,1
2026-06-26,2026-06-25,MacKenzie Gore,TEX,TOR,TOR,TEX,5.393860062412206,1,4.5,over,betrivers,-159.0,0.6138996138996139,0.5951302148233383,-0.0188,5.0,over,0.4489399497816471,-0.0944,822797,669022,5,1
2026-06-26,2026-06-25,Tatsuya Imai,HOU,DET,DET,HOU,5.484485596233718,1,5.5,under,betmgm,-125.0,0.5555555555555556,0.5269733929708467,-0.0286,5.0,over,0.4883441522543559,-0.055,824258,837227,10,0
2026-06-26,2026-06-25,Jeffrey Springs,ATH,SF,SF,ATH,4.575111966379756,1,4.5,over,betrivers,-124.0,0.5535714285714286,0.4923931852125336,-0.0612,4.5,under,0.5150390921404127,-0.0283,823209,605488,6,1
2026-06-26,2026-06-25,Bubba Chandler,PIT,SEA,PIT,SEA,4.644936058119841,1,4.5,over,betrivers,-137.0,0.5780590717299579,0.512395097797172,-0.0657,,,,,823366,696149,4,0
2026-06-26,2026-06-25,Kevin Gausman,TOR,TEX,TOR,TEX,5.408119063692781,1,5.5,over,betrivers,-155.0,0.6078431372549019,0.5012332618264467,-0.1066,6.0,under,0.628520294850838,0.0851,822797,592332,4,0
2026-06-26,2026-06-25,Landen Roupp,SF,ATH,SF,ATH,5.240050812180791,1,5.5,over,betrivers,-165.0,0.6226415094339622,0.4854879207152976,-0.1372,6.0,under,0.6013635205311769,0.058,823209,694738,6,1
2026-06-26,2026-06-25,Casey Legumina,TB,KC,TB,KC,1.55748487269278,0,,,,,,,,,,,,822961,668984,0,-2
2026-06-27,2026-06-26,Zach Thornton,NYM,PHI,NYM,PHI,2.31380297419735,1,4.5,under,betrivers,-165.0,0.6226415094339622,0.7723042628332513,0.1497,,,,,823610,804267,7,0
2026-06-27,2026-06-26,Trevor Rogers,BAL,WSH,BAL,WSH,3.7577374351860526,1,4.5,under,fanduel,104.0,0.4901960784313725,0.58343212594682,0.0932,,,,,824824,669432,7,0
2026-06-27,2026-06-26,Zack Wheeler,PHI,NYM,NYM,PHI,5.695977926183101,1,6.5,under,betrivers,-106.0,0.5145631067961165,0.5793294438224862,0.0648,,,,,823610,554430,5,1
2026-06-27,2026-06-26,Jacob Misiorowski,MIL,CHC,MIL,CHC,7.734678094012518,1,8.5,under,betrivers,-103.0,0.5073891625615764,0.5596442249445956,0.0523,,,,,823773,694819,8,1
2026-06-27,2026-06-26,Michael McGreevy,STL,MIA,STL,MIA,4.752119961813773,1,3.5,over,betrivers,-134.0,0.5726495726495726,0.6203631568027765,0.0477,,,,,823039,700241,4,1
2026-06-27,2026-06-26,Joey Cantillo,CLE,SEA,CLE,SEA,4.748903325818178,1,5.5,under,novig,-125.0,0.5555555555555556,0.6005137393304842,0.045,,,,,824423,676282,9,0
2026-06-27,2026-06-26,J.T. Ginn,ATH,LAA,LAA,ATH,4.993245131126867,1,5.5,under,betrivers,-120.0,0.5454545454545454,0.589709652119516,0.0443,,,,,824014,669372,5,1
2026-06-27,2026-06-26,Andrew Abbott,CIN,PIT,PIT,CIN,5.809523959670391,1,4.5,over,betrivers,-150.0,0.6,0.6270823823903652,0.0271,,,,,823363,671096,6,1
2026-06-27,2026-06-26,Luis Castillo,SEA,CLE,CLE,SEA,5.504865985866951,1,4.5,over,novig,-141.0,0.5850622406639004,0.6057288259217631,0.0207,,,,,824423,622491,4,0
2026-06-27,2026-06-26,Spencer Arrighetti,HOU,DET,DET,HOU,4.84131875629924,1,5.5,under,betrivers,-132.0,0.5689655172413793,0.5890502692856343,0.0201,,,,,824255,681293,7,0
2026-06-27,2026-06-26,Nick Martinez,TB,AZ,TB,AZ,3.794853223976702,1,3.5,over,pinnacle,104.0,0.4901960784313725,0.5044027274295665,0.0142,,,,,822962,607259,3,0
2026-06-27,2026-06-26,Nathan Eovaldi,TEX,TOR,TOR,TEX,4.5912483812713285,1,5.5,under,betrivers,-159.0,0.6138996138996139,0.6273428303431314,0.0134,,,,,822796,543135,9,0
2026-06-27,2026-06-26,Zac Gallen,AZ,TB,TB,AZ,4.169860499156521,1,3.5,over,betrivers,-121.0,0.5475113122171946,0.5599684595262467,0.0125,,,,,822962,668678,0,0
2026-06-27,2026-06-26,Taj Bradley,MIN,COL,MIN,COL,6.698585715022007,1,6.5,over,betrivers,112.0,0.4716981132075472,0.4815639696066329,0.0099,,,,,823688,671737,7,1
2026-06-27,2026-06-26,Roki Sasaki,LAD,SD,SD,LAD,5.850393000247039,1,5.5,over,betrivers,102.0,0.495049504950495,0.5034486570217285,0.0084,,,,,823285,808963,2,0
2026-06-27,2026-06-26,Colin Rea,CHC,MIL,MIL,CHC,4.694724913268675,1,3.5,over,fanatics,-170.0,0.6296296296296297,0.6371838095179877,0.0076,,,,,823773,607067,4,1
2026-06-27,2026-06-26,Walbert Ureña,LAA,ATH,LAA,ATH,5.628047366227406,1,4.5,over,betrivers,-155.0,0.6078431372549019,0.6133689570338469,0.0055,,,,,824014,700712,5,1
2026-06-27,2026-06-26,Walker Buehler,SD,LAD,SD,LAD,3.918208308897182,1,4.5,under,betrivers,-148.0,0.5967741935483871,0.5982915232119965,0.0015,,,,,823285,621111,5,0
2026-06-27,2026-06-26,Payton Tolle,BOS,NYY,BOS,NYY,5.808659661191018,1,5.5,over,parx,-105.0,0.5121951219512195,0.5121179631719764,-0.0001,,,,,824743,801139,7,1
2026-06-27,2026-06-26,Andrew Alvarez,WSH,BAL,BAL,WSH,4.904734575960266,1,4.5,over,novig,-125.0,0.5555555555555556,0.5418392376886589,-0.0137,,,,,824824,674841,5,1
2026-06-27,2026-06-26,Keider Montero,DET,HOU,DET,HOU,3.718303571929615,1,3.5,over,novig,-113.0,0.5305164319248826,0.5123375461089053,-0.0182,,,,,824255,672456,3,0
2026-06-27,2026-06-26,David Sandlin,CWS,KC,CWS,KC,4.165453555722383,1,4.5,under,hardrock,-150.0,0.6,0.5769408040031012,-0.0231,,,,,824582,689818,6,0
2026-06-27,2026-06-26,Max Meyer,MIA,STL,STL,MIA,4.6662592666184,1,5.5,under,betrivers,-132.0,0.5689655172413793,0.5378331588068914,-0.0311,,,,,823039,676974,5,1
2026-06-27,2026-06-26,Tomoyuki Sugano,COL,MIN,MIN,COL,3.4549366282559144,1,3.5,under,betrivers,-143.0,0.588477366255144,0.5431799837110363,-0.0453,,,,,823688,608372,2,1
2026-06-27,2026-06-26,Patrick Corbin,TOR,TEX,TOR,TEX,4.102162819491452,1,3.5,over,betrivers,-165.0,0.6226415094339622,0.5665009620418058,-0.0561,,,,,822796,571578,5,1
2026-06-27,2026-06-26,Will Warren,NYY,BOS,BOS,NYY,4.734088529837842,1,4.5,over,pinnacle,-145.0,0.5918367346938775,0.5302380502819402,-0.0616,,,,,824743,701542,0,0
2026-06-27,2026-06-26,Paul Skenes,PIT,CIN,PIT,CIN,7.554120389055632,1,7.5,over,pinnacle,-149.0,0.5983935742971888,0.5127295528191217,-0.0857,,,,,823363,694973,7,0
2026-06-27,2026-06-26,Reynaldo López,ATL,SF,SF,ATL,3.493472887537697,0,,,,,,,,,,,,823206,625643,1,-2
2026-06-27,2026-06-27,Jose Cabrera,AZ,TB,TB,AZ,1.6118834438976133,1,3.5,under,fanduel,104.0,0.4901960784313725,0.7353122114803883,0.2451,4.0,under,0.8279086104470299,0.2845,822960,703615,4,0
2026-06-27,2026-06-27,Foster Griffin,WSH,BAL,BAL,WSH,4.876897864150832,1,5.5,under,novig,153.0,0.3952569169960474,0.5319256590231044,0.1367,6.0,under,0.6762812005064365,0.1329,824825,656492,9,0
2026-06-27,2026-06-27,Andre Pallante,STL,MIA,STL,MIA,5.897678932018259,1,4.5,over,novig,104.0,0.4901960784313725,0.60737183981778,0.1172,4.5,over,0.5796173948824923,0.0362,823038,669467,4,0
2026-06-27,2026-06-27,Randy Vásquez,SD,LAD,SD,LAD,4.791965754686893,1,3.5,over,fanduel,-100.0,0.5,0.6116155518060848,0.1116,3.5,over,0.6335733846230586,0.0902,823283,681190,1,0
2026-06-27,2026-06-27,Brandon Young,BAL,WSH,BAL,WSH,5.157001138425837,1,4.5,over,fanduel,126.0,0.4424778761061947,0.5224068232902553,0.0799,4.0,over,0.5310167756356501,-0.0124,824825,687064,8,1
2026-06-27,2026-06-27,Davis Martin,CWS,KC,CWS,KC,5.960830041370882,1,5.5,over,novig,135.0,0.425531914893617,0.4988676138749008,0.0733,5.0,over,0.5010383295302243,-0.0423,824581,663436,3,0
2026-06-27,2026-06-27,Reid Detmers,LAA,ATH,LAA,ATH,6.092113350852885,1,7.5,under,fanduel,-140.0,0.5833333333333334,0.6483807421180673,0.065,7.0,under,0.6357365946222241,0.0924,824015,672282,8,0
2026-06-27,2026-06-27,Michael Wacha,KC,CWS,CWS,KC,4.242036789092752,1,4.5,under,bet365,105.0,0.4878048780487805,0.5414269967151188,0.0536,4.5,over,0.4948443600072624,-0.0485,824581,608379,7,0
2026-06-27,2026-06-27,Gerrit Cole,NYY,BOS,BOS,NYY,4.26412246097469,1,5.5,under,betrivers,-157.0,0.6108949416342413,0.6623744239053696,0.0515,,,,,824745,543037,5,1
2026-06-27,2026-06-27,Yoshinobu Yamamoto,LAD,SD,SD,LAD,5.797662067991068,1,6.5,under,novig,-130.0,0.5652173913043478,0.5932018135446686,0.028,6.0,over,0.4129399236498902,-0.1304,823283,808967,4,1
2026-06-27,2026-06-27,Logan Webb,SF,ATL,SF,ATL,5.849206738880178,1,4.5,over,betmgm,-155.0,0.6078431372549019,0.6357267596815799,0.0279,5.0,over,0.4752258697172048,-0.0682,823207,657277,6,1
2026-06-27,2026-06-27,Jared Jones,PIT,CIN,PIT,CIN,5.31952803596183,1,5.5,under,bet365,-110.0,0.5238095238095238,0.5479750899439356,0.0242,,,,,823364,683003,4,1
2026-06-27,2026-06-27,Mike Paredes,MIN,COL,MIN,COL,3.675480865635286,1,3.5,over,novig,104.0,0.4901960784313725,0.5025692832102254,0.0124,3.5,over,0.5396063782507207,-0.0038,823689,702474,2,0
2026-06-27,2026-06-27,Michael Lorenzen,COL,MIN,MIN,COL,3.792149874590237,1,4.5,under,fanduel,-158.0,0.6124031007751938,0.623883989613398,0.0115,4.0,over,0.4363745567609431,-0.107,823689,547179,1,1
2026-06-27,2026-06-27,Ryan Gusto,MIA,STL,STL,MIA,3.616353370269082,1,3.5,over,novig,-102.0,0.504950495049505,0.4945620947297325,-0.0104,3.5,over,0.5514613530703006,0.0081,823038,687473,4,1
2026-06-27,2026-06-27,Kyle Harrison,MIL,CHC,MIL,CHC,6.257384594425997,1,5.5,over,betrivers,-148.0,0.5967741935483871,0.5794553020827844,-0.0173,6.0,over,0.4645061424619283,-0.0789,823770,690986,9,1
2026-06-27,2026-06-27,Slade Cecconi,CLE,SEA,CLE,SEA,4.513046442111007,1,4.5,under,draftkings,-122.0,0.5495495495495496,0.5301366210576698,-0.0194,4.5,over,0.4801537678321331,-0.0632,824421,677944,4,1
2026-06-27,2026-06-27,Chase Burns,CIN,PIT,PIT,CIN,6.966102877892171,1,7.5,under,draftkings,-156.0,0.609375,0.5883781691774754,-0.021,7.0,over,0.4267343902172669,-0.1166,823364,695505,10,0
2026-06-27,2026-06-27,Dylan Cease,TOR,TEX,TOR,TEX,7.99731927311335,1,7.5,over,pinnacle,-133.0,0.5708154506437768,0.5452130555060895,-0.0256,8.0,under,0.6227985639229872,0.0794,822794,656302,10,1
2026-06-27,2026-06-27,Kai-Wei Teng,HOU,DET,DET,HOU,5.26839692689991,1,5.5,under,betrivers,-143.0,0.588477366255144,0.5627375892494335,-0.0257,,,,,824257,678906,1,1
2026-06-27,2026-06-27,David Peterson,CHC,MIL,MIL,CHC,4.4937632490166575,1,4.5,over,novig,-106.0,0.5145631067961165,0.4838283740930386,-0.0307,4.5,over,0.51798050408274,-0.0254,823770,656849,2,0
2026-06-27,2026-06-27,Christian Scott,NYM,PHI,NYM,PHI,4.59294683519674,1,4.5,over,bet365,-115.0,0.5348837209302325,0.5031903218772572,-0.0317,4.5,over,0.4835821951971574,-0.0598,823609,681035,6,1
2026-06-27,2026-06-27,Bryce Elder,ATL,SF,SF,ATL,4.3064635252207655,1,4.5,under,draftkings,-153.0,0.6047430830039525,0.5679170414252311,-0.0368,4.0,over,0.4247015875627405,-0.1187,823207,693821,4,1
2026-06-27,2026-06-27,Jake Bennett,BOS,NYY,BOS,NYY,4.40117724803847,1,4.5,under,fanduel,-144.0,0.5901639344262295,0.5508748056066295,-0.0393,,,,,824745,687562,3,1
2026-06-27,2026-06-27,Logan Gilbert,SEA,CLE,CLE,SEA,6.495515889662982,1,6.5,over,draftkings,-126.0,0.5575221238938053,0.5081948556523186,-0.0493,7.0,under,0.6489132688893308,0.1055,824421,669302,7,1
2026-06-27,2026-06-27,Framber Valdez,DET,HOU,DET,HOU,4.625286742906876,1,4.5,over,fanduel,-148.0,0.5967741935483871,0.5203520659342665,-0.0764,,,,,824257,664285,2,0
2026-06-27,2026-06-27,Jack Perkins,ATH,LAA,LAA,ATH,5.089081157336194,1,5.5,over,bet365,-130.0,0.5652173913043478,0.4754788115818657,-0.0897,6.0,under,0.6432712553525259,0.0999,824015,678022,5,0
2026-06-27,2026-06-27,Cal Quantrill,TEX,TOR,TOR,TEX,1.2929508183348193,0,,,,,,,,,,,,822794,615698,5,-2
2026-06-27,2026-06-27,Tim Mayza,PHI,NYM,NYM,PHI,1.8983855823503224,0,,,,,,,,,,,,823609,641835,1,-2
2026-06-27,2026-06-27,Cole Sulser,TB,AZ,TB,AZ,1.490256945399918,0,,,,,,,,,,,,822960,642121,1,-2
2026-06-29,2026-06-28,Chris Sale,ATL,SF,SF,ATL,6.767603529545398,1,8.5,under,draftkings,150.0,0.4,0.6287980284630938,0.2288,,,,,823204,519242,10,0
2026-06-29,2026-06-28,Hunter Brown,HOU,DET,DET,HOU,5.843090459461052,1,6.5,under,draftkings,124.0,0.4464285714285714,0.5667586520125223,0.1203,,,,,824256,686613,4,1
2026-06-29,2026-06-28,Shane Bieber,TOR,TEX,TOR,TEX,3.5674908184697625,1,4.5,under,draftkings,106.0,0.4854368932038835,0.6018098839016663,0.1164,,,,,822795,669456,4,1
2026-06-29,2026-06-28,Robbie Ray,SF,ATL,SF,ATL,5.071094466428207,1,4.5,over,betmgm,125.0,0.4444444444444444,0.5393815583784493,0.0949,,,,,823204,592662,2,0
2026-06-29,2026-06-28,Sonny Gray,BOS,NYY,BOS,NYY,4.98480478627584,1,5.5,under,novig,120.0,0.4545454545454545,0.546361024440073,0.0918,6.0,under,0.6858495388508412,0.1425,824744,543243,9,0
2026-06-29,2026-06-28,Carlos Rodón,NYY,BOS,BOS,NYY,4.781556718989547,1,5.5,under,bet365,105.0,0.4878048780487805,0.5725587970388311,0.0848,5.5,under,0.5725587970388311,0.0292,824744,607074,6,0
2026-06-29,2026-06-28,Ryan Rolison,CHC,MIL,MIL,CHC,1.1284002550976289,1,2.5,under,draftkings,-270.0,0.7297297297297297,0.7919367907459227,0.0622,,,,,823769,669020,2,1
2026-06-29,2026-06-28,Ryan Feltner,COL,MIN,MIN,COL,3.4788870907193026,1,4.5,under,draftkings,-147.0,0.5951417004048583,0.651686168723153,0.0565,,,,,823686,663372,0,1
2026-06-29,2026-06-28,Luinder Avila,KC,CWS,CWS,KC,4.818912553640229,1,3.5,over,betrivers,-148.0,0.5967741935483871,0.6430257504764917,0.0463,,,,,824580,679883,4,1
2026-06-29,2026-06-28,Jack Flaherty,DET,HOU,DET,HOU,4.895864805784011,1,5.5,under,fanduel,-118.0,0.5412844036697247,0.5775142160118368,0.0362,,,,,824256,656427,9,0
2026-06-29,2026-06-28,Connor Prielipp,MIN,COL,MIN,COL,4.940123993634658,1,5.5,under,draftkings,-118.0,0.5412844036697247,0.576948307556926,0.0357,,,,,823686,687570,10,0
2026-06-29,2026-06-28,Kyle Leahy,STL,MIA,STL,MIA,4.872899688298553,1,4.5,over,fanduel,104.0,0.4901960784313725,0.5106936288607274,0.0205,,,,,823037,681517,5,1
2026-06-29,2026-06-28,Emmet Sheehan,LAD,SD,SD,LAD,5.460842911243668,1,5.5,under,betrivers,-109.0,0.5215311004784688,0.5411668734771713,0.0196,,,,,823281,686218,5,1
2026-06-29,2026-06-28,Anthony Kay,CWS,KC,CWS,KC,5.051681403895255,1,4.5,over,draftkings,-111.0,0.5260663507109005,0.5406473336727506,0.0146,,,,,824580,641743,2,0
2026-06-29,2026-06-28,Tyler Phillips,MIA,STL,STL,MIA,3.644669174757217,1,3.5,over,draftkings,111.0,0.4739336492890995,0.4820916006885877,0.0082,,,,,823037,663969,1,0
2026-06-29,2026-06-28,Drew Rasmussen,TB,AZ,TB,AZ,5.780980399036752,1,5.5,over,fanduel,-102.0,0.504950495049505,0.5056375766115172,0.0007,,,,,822959,656876,5,0
2026-06-29,2026-06-28,Aaron Civale,ATH,LAA,LAA,ATH,3.989082608741104,1,4.5,under,draftkings,-152.0,0.6031746031746031,0.597947005138817,-0.0052,,,,,824011,650644,2,1
2026-06-29,2026-06-28,Mitch Keller,PIT,CIN,PIT,CIN,5.476909798845072,1,4.5,over,draftkings,-163.0,0.6197718631178707,0.6062692728440539,-0.0135,,,,,823362,656605,4,0
2026-06-29,2026-06-28,Merrill Kelly,AZ,TB,TB,AZ,4.046907561824895,1,3.5,over,fanduel,-132.0,0.5689655172413793,0.5548528889875504,-0.0141,,,,,822959,518876,3,0
2026-06-29,2026-06-28,Zack Littell,WSH,BAL,BAL,WSH,3.629100920063786,1,3.5,over,draftkings,-103.0,0.5073891625615764,0.4893003673247045,-0.0181,,,,,824821,641793,3,0
2026-06-29,2026-06-28,Sam Aldegheri,LAA,ATH,LAA,ATH,4.006052456473999,1,3.5,over,bet365,-155.0,0.6078431372549019,0.5680036130333588,-0.0398,,,,,824011,691951,4,1
2026-06-29,2026-06-28,Kumar Rocker,TEX,TOR,TOR,TEX,3.687625833526465,1,3.5,over,draftkings,-135.0,0.574468085106383,0.527982432173158,-0.0465,,,,,822795,677958,5,1
2026-06-29,2026-06-28,Gavin Williams,CLE,SEA,CLE,SEA,6.68762632608916,1,6.5,over,fanduel,-134.0,0.5726495726495726,0.5182188060767544,-0.0544,,,,,824422,668909,6,0
2026-06-29,2026-06-28,Emerson Hancock,SEA,CLE,CLE,SEA,4.587379172221853,1,4.5,over,draftkings,-131.0,0.5670995670995671,0.505807062639237,-0.0613,,,,,824422,676106,6,1
2026-06-29,2026-06-28,Brady Singer,CIN,PIT,PIT,CIN,4.56394685271056,1,4.5,over,draftkings,-139.0,0.5815899581589958,0.5097623235610707,-0.0718,,,,,823362,663903,6,1
2026-06-29,2026-06-28,Kyle Bradish,BAL,WSH,BAL,WSH,5.380257441265616,1,5.5,over,fanduel,-132.0,0.5689655172413793,0.4889715435193782,-0.08,,,,,824821,680694,2,0
2026-06-29,2026-06-28,Michael King,SD,LAD,SD,LAD,4.426188388763316,1,4.5,over,draftkings,-137.0,0.5780590717299579,0.4954103241362757,-0.0826,,,,,823281,650633,5,1
2026-06-29,2026-06-28,Jesús Luzardo,PHI,NYM,NYM,PHI,6.413372113023396,1,6.5,over,bet365,-150.0,0.6,0.5048876837876157,-0.0951,,,,,823608,666200,6,0
2026-06-29,2026-06-28,Brandon Woodruff,MIL,CHC,MIL,CHC,5.134524037778543,1,5.5,over,betrivers,-134.0,0.5726495726495726,0.476455717049639,-0.0962,,,,,823769,605540,6,1
2026-06-29,2026-06-28,Cionel Pérez,NYM,PHI,NYM,PHI,1.3865615971415175,0,,,,,,,,,,,,823608,672335,2,-2
2026-06-30,2026-06-29,George Kirby,SEA,LAA,SEA,LAA,5.072835533367192,1,6.5,under,draftkings,-112.0,0.5283018867924528,0.6423382313045516,0.114,,,,,823121,669923,7,0
2026-06-30,2026-06-29,Parker Messick,CLE,TEX,CLE,TEX,5.22991444880669,1,6.5,under,betmgm,-125.0,0.5555555555555556,0.6423980068112203,0.0868,,,,,824420,800048,5,1
2026-06-30,2026-06-29,Ryan Johnson,LAA,SEA,SEA,LAA,3.4681986077614093,1,4.5,under,bet365,-135.0,0.574468085106383,0.6556595824268375,0.0812,,,,,823121,696270,3,1
2026-06-30,2026-06-29,Nick Lodolo,CIN,MIL,MIL,CIN,4.018897478546309,1,4.5,under,bet365,105.0,0.4878048780487805,0.5586120772802894,0.0708,,,,,823771,666157,4,1
2026-06-30,2026-06-29,Miles Mikolas,WSH,BOS,BOS,WSH,3.3582156713200364,1,2.5,over,draftkings,-112.0,0.5283018867924528,0.596121239873113,0.0678,,,,,824741,571945,3,1
2026-06-30,2026-06-29,Ryan Weathers,NYY,DET,NYY,DET,7.168611368224508,1,6.5,over,fanduel,110.0,0.4761904761904761,0.530365306702169,0.0542,,,,,823529,677960,3,0
2026-06-30,2026-06-29,Robert Gasser,MIL,CIN,MIL,CIN,5.0906522947874295,1,5.5,under,betrivers,102.0,0.495049504950495,0.545639253636103,0.0506,,,,,823771,688107,5,1
2026-06-30,2026-06-29,Braxton Ashcraft,PIT,PHI,PHI,PIT,5.347220018109851,1,6.5,under,draftkings,-140.0,0.5833333333333334,0.6337786097905066,0.0504,,,,,823444,677952,8,0
2026-06-30,2026-06-29,Sean Sullivan,COL,MIA,COL,MIA,3.2136328387824733,1,3.5,under,novig,-108.0,0.5192307692307693,0.567506257902755,0.0483,,,,,824339,807743,5,0
2026-06-30,2026-06-29,Ranger Suarez,BOS,WSH,BOS,WSH,5.02136223409936,1,5.5,under,draftkings,-110.0,0.5238095238095238,0.5667143694763874,0.0429,,,,,824741,624133,8,0
2026-06-30,2026-06-29,Aaron Nola,PHI,PIT,PHI,PIT,6.449063263692885,1,5.5,over,fanduel,-115.0,0.5348837209302325,0.577091667902766,0.0422,,,,,823444,605400,5,0
2026-06-30,2026-06-29,Sean Burke,CWS,BAL,BAL,CWS,6.160183498136423,1,5.5,over,bet365,100.0,0.5,0.5412174272296514,0.0412,,,,,824822,680732,8,1
2026-06-30,2026-06-29,Casey Mize,DET,NYY,NYY,DET,4.982385313311936,1,5.5,under,pinnacle,-113.0,0.5305164319248826,0.5711106331688574,0.0406,,,,,823529,663554,10,0
2026-06-30,2026-06-29,Shane Baz,BAL,CWS,BAL,CWS,5.911614722523242,1,5.5,over,fanduel,110.0,0.4761904761904761,0.5061761135150558,0.03,,,,,824822,669358,6,1
2026-06-30,2026-06-29,Sandy Alcantara,MIA,COL,COL,MIA,4.2385423079731845,1,4.5,under,draftkings,-107.0,0.5169082125603864,0.5436676566599054,0.0268,,,,,824339,645261,3,1
2026-06-30,2026-06-29,Eduardo Rodriguez,AZ,SF,AZ,SF,5.293582026893726,1,4.5,over,fanduel,-130.0,0.5652173913043478,0.5828507673536674,0.0176,,,,,825065,593958,1,0
2026-06-30,2026-06-29,Shota Imanaga,CHC,SD,CHC,SD,5.334344262947071,1,4.5,over,bet365,-140.0,0.5833333333333334,0.587362631734092,0.004,,,,,824662,684007,4,0
2026-06-30,2026-06-29,Griffin Canning,SD,CHC,CHC,SD,4.237780895684822,1,3.5,over,pinnacle,-148.0,0.5967741935483871,0.584113444193557,-0.0127,,,,,824662,656288,3,0
2026-06-30,2026-06-29,Eric Lauer,LAD,ATH,ATH,LAD,4.1096903636286735,1,3.5,over,novig,-150.0,0.6,0.577215041046458,-0.0228,,,,,824986,641778,2,0
2026-06-30,2026-06-29,Trey Yesavage,TOR,NYM,TOR,NYM,5.64312479100971,1,5.5,over,draftkings,-119.0,0.54337899543379,0.5116687684832704,-0.0317,,,,,822792,702056,3,0
2026-06-30,2026-06-29,Sean Manaea,NYM,TOR,TOR,NYM,4.207097305674597,1,4.5,under,betrivers,-159.0,0.6138996138996139,0.579261843330742,-0.0346,,,,,822792,640455,4,1
2026-06-30,2026-06-29,Gage Jump,ATH,LAD,ATH,LAD,5.0590488766452975,1,4.5,over,draftkings,-159.0,0.6138996138996139,0.5779519050825973,-0.0359,,,,,824986,695611,5,1
2026-06-30,2026-06-29,Tyler Mahle,SF,AZ,AZ,SF,3.5739935245438885,1,3.5,over,novig,-150.0,0.6,0.523068223413948,-0.0769,,,,,825065,641816,3,0
2026-06-30,2026-06-29,Peter Lambert,HOU,MIN,HOU,MIN,4.268246335415154,1,4.5,over,draftkings,-138.0,0.5798319327731093,0.4840343661266604,-0.0958,,,,,824176,663567,4,0
2026-06-30,2026-06-29,Zebby Matthews,MIN,HOU,HOU,MIN,4.486824594465941,1,4.5,over,draftkings,-158.0,0.6124031007751938,0.513250310672806,-0.0992,,,,,824176,805673,7,1
2026-06-30,2026-06-29,Tyler Alexander,TEX,CLE,CLE,TEX,1.390445829614909,0,,,,,,,,,,,,824420,641302,2,-2
2026-07-01,2026-06-30,JP Sears,SD,CHC,CHC,SD,2.1871414051924174,1,3.5,under,draftkings,131.0,0.4329004329004329,0.6428779422612326,0.21,,,,,824661,676664,4,0
2026-07-01,2026-06-30,Bryan Woo,SEA,LAA,SEA,LAA,5.036372225387596,1,7.5,under,pinnacle,-126.0,0.5575221238938053,0.724551600353059,0.167,,,,,823122,693433,5,1
2026-07-01,2026-06-30,Trey Gibson,BAL,CWS,BAL,CWS,5.854606106907387,1,4.5,over,novig,125.0,0.4444444444444444,0.5927217453122599,0.1483,,,,,824819,694346,5,1
2026-07-01,2026-06-30,Joe Ryan,MIN,HOU,HOU,MIN,5.470002391550867,1,6.5,under,draftkings,119.0,0.45662100456621,0.579390013008892,0.1228,,,,,824175,657746,5,1
2026-07-01,2026-06-30,Eury Pérez,MIA,COL,COL,MIA,5.775909013997401,1,5.5,over,novig,150.0,0.4,0.4747278527913134,0.0747,,,,,824338,691587,8,1
2026-07-01,2026-06-30,Erick Fedde,CWS,BAL,BAL,CWS,4.041663039789293,1,3.5,over,pinnacle,124.0,0.4464285714285714,0.5193661838469356,0.0729,,,,,824819,607200,3,0
2026-07-01,2026-06-30,Tarik Skubal,DET,NYY,NYY,DET,6.444311461775204,1,7.5,under,novig,-115.0,0.5348837209302325,0.6047847628432087,0.0699,,,,,823528,669373,9,0
2026-07-01,2026-06-30,Matthew Liberatore,STL,ATL,ATL,STL,4.9548788764559495,1,4.5,over,fanduel,132.0,0.4310344827586206,0.4966127697908595,0.0656,,,,,824907,669461,9,1
2026-07-01,2026-06-30,Matthew Boyd,CHC,SD,CHC,SD,5.798098048001866,1,5.5,over,fanduel,128.0,0.4385964912280701,0.4841546290161127,0.0456,,,,,824661,571510,2,0
2026-07-01,2026-06-30,Connelly Early,BOS,WSH,BOS,WSH,5.329098618547879,1,5.5,under,draftkings,103.0,0.4926108374384236,0.5299838600823488,0.0374,,,,,824742,813349,5,1
2026-07-01,2026-06-30,Nolan McLean,NYM,TOR,TOR,NYM,5.289860331094313,1,5.5,under,fanduel,-108.0,0.5192307692307693,0.5450591825007409,0.0258,,,,,822793,690997,7,0
2026-07-01,2026-06-30,José Soriano,LAA,SEA,SEA,LAA,6.008513333140635,1,5.5,over,draftkings,-105.0,0.5121951219512195,0.5333525205223848,0.0212,,,,,823122,667755,9,1
2026-07-01,2026-06-30,Brandon Sproat,MIL,CIN,MIL,CIN,5.857576043427299,1,5.5,over,novig,104.0,0.4901960784313725,0.510304522538379,0.0201,,,,,823768,687075,7,1
2026-07-01,2026-06-30,Cam Schlittler,NYY,DET,NYY,DET,7.185775364615672,1,7.5,under,draftkings,-125.0,0.5555555555555556,0.5563586042176132,0.0008,,,,,823528,693645,5,1
2026-07-01,2026-06-30,Tanner Bibee,CLE,TEX,CLE,TEX,4.84598859492684,1,5.5,under,fanduel,-154.0,0.6062992125984252,0.6068518723859369,0.0006,,,,,824418,676440,2,1
2026-07-01,2026-06-30,Mike Burrows,HOU,MIN,HOU,MIN,4.835888494144679,1,4.5,over,novig,-115.0,0.5348837209302325,0.5276364671064074,-0.0072,,,,,824175,681347,3,0
2026-07-01,2026-06-30,Tanner Gordon,COL,MIA,COL,MIA,3.19208785961361,1,3.5,under,novig,-147.0,0.5951417004048583,0.5862074338385483,-0.0089,,,,,824338,685299,4,0
2026-07-01,2026-06-30,Bubba Chandler,PIT,PHI,PHI,PIT,4.770593933294574,1,4.5,over,betrivers,-110.0,0.5238095238095238,0.5141130591729153,-0.0097,,,,,823445,696149,6,1
2026-07-01,2026-06-30,Rhett Lowder,CIN,MIL,MIL,CIN,4.176511115383565,1,4.5,under,draftkings,-144.0,0.5901639344262295,0.5759134974466973,-0.0143,,,,,823768,695076,8,0
2026-07-01,2026-06-30,Martín Pérez,ATL,STL,ATL,STL,3.962591940178632,1,3.5,over,fanduel,-132.0,0.5689655172413793,0.5500485695886645,-0.0189,,,,,824907,527048,1,0
2026-07-01,2026-06-30,Cristopher Sánchez,PHI,PIT,PHI,PIT,7.779434245689676,1,7.5,over,betmgm,-120.0,0.5454545454545454,0.5220714629798892,-0.0234,,,,,823445,650911,9,1
2026-07-01,2026-06-30,Brandon Pfaadt,AZ,SF,AZ,SF,3.2079580120325515,1,3.5,under,betmgm,-155.0,0.6078431372549019,0.5842699901729024,-0.0236,,,,,825066,694297,2,1
2026-07-01,2026-06-30,Jeffrey Springs,ATH,LAD,ATH,LAD,4.155460204420824,1,4.5,under,novig,-156.0,0.609375,0.5847883843515325,-0.0246,,,,,824984,605488,2,1
2026-07-01,2026-06-30,Noah Cameron,KC,TB,KC,TB,4.5137505043076445,1,4.5,under,betmgm,-140.0,0.5833333333333334,0.5461448784774039,-0.0372,,,,,824096,702070,0,1
2026-07-01,2026-06-30,Jacob deGrom,TEX,CLE,CLE,TEX,6.756863649713506,1,6.5,over,pinnacle,-128.0,0.5614035087719298,0.522122986688607,-0.0393,,,,,824418,594798,9,1
2026-07-01,2026-06-30,Kevin Gausman,TOR,NYM,TOR,NYM,5.446726651599499,1,5.5,over,draftkings,-114.0,0.5327102803738317,0.483126714803841,-0.0496,,,,,822793,592332,7,1
2026-07-01,2026-06-30,Landen Roupp,SF,AZ,AZ,SF,4.480169976937677,1,4.5,over,pinnacle,-122.0,0.5495495495495496,0.4948065319842791,-0.0547,,,,,825066,694738,4,0
2026-07-01,2026-06-30,Cade Cavalli,WSH,BOS,BOS,WSH,4.525360560356114,1,4.5,over,pinnacle,-124.0,0.5535714285714286,0.4969186311031417,-0.0567,,,,,824742,676917,13,1
2026-07-01,2026-06-30,Griffin Jax,TB,KC,KC,TB,4.269578808018796,1,4.5,over,bet365,-130.0,0.5652173913043478,0.4787268542811866,-0.0865,,,,,824096,643377,5,1
2026-07-01,2026-06-30,Justin Wrobleski,LAD,ATH,ATH,LAD,4.249404558881666,1,4.5,over,betmgm,-130.0,0.5652173913043478,0.4779695216871388,-0.0872,,,,,824984,680736,11,1
2026-07-02,2026-07-01,Tatsuya Imai,HOU,MIN,HOU,MIN,4.675315108703535,1,5.5,under,novig,120.0,0.4545454545454545,0.5704554297609312,0.1159,,,,,824174,837227,2,1
2026-07-02,2026-07-01,Michael McGreevy,STL,ATL,ATL,STL,4.108057648269365,1,3.5,over,novig,133.0,0.4291845493562232,0.5191265857642223,0.0899,,,,,824905,700241,3,0
2026-07-02,2026-07-01,J.T. Ginn,ATH,LAD,ATH,LAD,5.069798007969053,1,4.5,over,pinnacle,132.0,0.4310344827586206,0.5156046558822599,0.0846,,,,,824985,669372,4,0
2026-07-02,2026-07-01,Freddy Peralta,NYM,TOR,TOR,NYM,4.068800166738335,1,4.5,under,draftkings,112.0,0.4716981132075472,0.5427065273743672,0.071,,,,,822791,642547,4,1
2026-07-02,2026-07-01,Reynaldo López,ATL,STL,ATL,STL,3.935532727748772,1,3.5,over,betmgm,130.0,0.4347826086956521,0.5050278236027459,0.0702,,,,,824905,625643,6,1
2026-07-02,2026-07-01,Payton Tolle,BOS,WSH,BOS,WSH,4.852577869653341,1,5.5,under,draftkings,-103.0,0.5073891625615764,0.5730451126149151,0.0657,,,,,824740,801139,5,1
2026-07-02,2026-07-01,Shane Drohan,MIL,CIN,MIL,CIN,6.241927903691277,1,5.5,over,betrivers,108.0,0.4807692307692308,0.5400403663193548,0.0593,,,,,823767,675660,7,1
2026-07-02,2026-07-01,Trevor McDonald,SF,AZ,AZ,SF,3.9779567431351808,1,3.5,over,novig,115.0,0.4651162790697674,0.5210111848561474,0.0559,,,,,825064,686790,5,1
2026-07-02,2026-07-01,Andrew Abbott,CIN,MIL,MIL,CIN,4.913980269880839,1,4.5,over,betrivers,114.0,0.4672897196261682,0.5106192844971121,0.0433,,,,,823767,671096,3,0
2026-07-02,2026-07-01,Dean Kremer,BAL,CWS,BAL,CWS,5.782208770677171,1,5.5,over,fanduel,120.0,0.4545454545454545,0.4933827169513131,0.0388,,,,,824818,665152,4,0
2026-07-02,2026-07-01,MacKenzie Gore,TEX,CLE,CLE,TEX,5.863119468901385,1,6.5,under,draftkings,-117.0,0.5391705069124424,0.5767325701408765,0.0376,,,,,824419,669022,7,0
2026-07-02,2026-07-01,Noah Schultz,CWS,BAL,BAL,CWS,4.700687617470957,1,3.5,over,betrivers,-157.0,0.6108949416342413,0.6318772551274973,0.021,,,,,824818,702273,7,1
2026-07-02,2026-07-01,Max Meyer,MIA,COL,COL,MIA,6.2522407663446256,1,5.5,over,novig,-120.0,0.5454545454545454,0.5657961110964308,0.0203,,,,,824337,676974,5,0
2026-07-02,2026-07-01,Joey Cantillo,CLE,TEX,CLE,TEX,5.163588320405782,1,5.5,under,draftkings,-113.0,0.5305164319248826,0.550026404098089,0.0195,,,,,824419,676282,4,1
2026-07-02,2026-07-01,Shane McClanahan,TB,KC,KC,TB,4.369904309857937,1,4.5,under,betmgm,-125.0,0.5555555555555556,0.54956433479484,-0.006,,,,,824094,663556,4,1
2026-07-02,2026-07-01,Zack Wheeler,PHI,PIT,PHI,PIT,7.090610064431483,1,7.5,under,novig,-133.0,0.5708154506437768,0.5643588280503037,-0.0065,,,,,823446,554430,10,0
2026-07-02,2026-07-01,Colin Rea,CHC,SD,CHC,SD,4.185975186578461,1,3.5,over,betrivers,-143.0,0.588477366255144,0.5807167515268188,-0.0078,,,,,824660,607067,5,1
2026-07-02,2026-07-01,Troy Melton,DET,NYY,NYY,DET,4.635017360718539,1,4.5,over,bet365,-110.0,0.5238095238095238,0.5046099242964003,-0.0192,,,,,823530,675512,7,1
2026-07-02,2026-07-01,Kyle Freeland,COL,MIA,COL,MIA,3.75726083753854,1,3.5,over,novig,-125.0,0.5555555555555556,0.5276957904974953,-0.0279,,,,,824337,607536,7,1
2026-07-02,2026-07-01,Zac Gallen,AZ,SF,AZ,SF,3.552535774649679,1,3.5,over,fanduel,-110.0,0.5238095238095238,0.4906246547910335,-0.0332,,,,,825064,668678,4,1
2026-07-02,2026-07-01,Walker Buehler,SD,CHC,CHC,SD,4.231782136625169,1,4.5,under,draftkings,-157.0,0.6108949416342413,0.5754879480149581,-0.0354,,,,,824660,621111,6,0
2026-07-02,2026-07-01,Seth Lugo,KC,TB,KC,TB,3.6190769989551215,1,3.5,over,pinnacle,-122.0,0.5495495495495496,0.5105142174536882,-0.039,,,,,824094,607625,7,1
2026-07-02,2026-07-01,Will Warren,NYY,DET,NYY,DET,5.591051731613385,1,5.5,over,betrivers,-125.0,0.5555555555555556,0.5028295601484505,-0.0527,,,,,823530,701542,7,1
2026-07-02,2026-07-01,Taj Bradley,MIN,HOU,HOU,MIN,5.515751342959686,1,5.5,over,novig,-125.0,0.5555555555555556,0.5008920187052084,-0.0547,,,,,824174,671737,11,1
2026-07-02,2026-07-01,Paul Skenes,PIT,PHI,PHI,PIT,6.758290386123435,1,6.5,over,fanduel,-152.0,0.6031746031746031,0.5329960848527001,-0.0702,,,,,823446,694973,5,0
2026-07-02,2026-07-01,Brad Lord,WSH,BOS,BOS,WSH,1.6724126038136222,0,,,,,,,,,,,,824740,695418,1,-2
2026-07-02,2026-07-01,Braydon Fisher,TOR,NYM,TOR,NYM,1.9335851032341969,0,,,,,,,,,,,,822791,680755,1,-2
2026-07-03,2026-07-02,Alan Rangel,PHI,PIT,PHI,PIT,1.5890597313730552,1,4.5,under,betmgm,-130.0,0.5652173913043478,0.8310153232579988,0.2658,,,,,823442,660604,4,1
2026-07-03,2026-07-02,Bryce Miller,SEA,LAA,SEA,LAA,5.261077880130728,1,6.5,under,novig,125.0,0.4444444444444444,0.5948893155006121,0.1504,7.0,under,0.7189101767555136,0.1755,823119,682243,8,0
2026-07-03,2026-07-02,Nathan Eovaldi,TEX,DET,TEX,DET,5.209509654402745,1,6.5,under,novig,106.0,0.4854368932038835,0.6171686099114724,0.1317,6.5,under,0.6171686099114724,0.0738,822884,543135,9,0
2026-07-03,2026-07-02,Framber Valdez,DET,TEX,TEX,DET,3.9101684906773313,1,5.5,under,draftkings,-137.0,0.5780590717299579,0.6865464993868404,0.1085,5.0,under,0.6865464993868404,0.1432,822884,664285,1,1
2026-07-03,2026-07-02,Hurston Waldrep,ATL,STL,ATL,STL,4.521589384337798,1,3.5,over,betrivers,-105.0,0.5121951219512195,0.5961604866775485,0.084,3.5,over,0.5961604866775485,0.0528,824906,694462,4,1
2026-07-03,2026-07-02,Ian Seymour,TB,KC,KC,TB,3.550530717026877,1,4.5,under,novig,-130.0,0.5652173913043478,0.6383805880511135,0.0732,4.0,under,0.6383805880511135,0.095,824093,693855,8,0
2026-07-03,2026-07-02,Slade Cecconi,CLE,CWS,CLE,CWS,3.712586753844648,1,4.5,under,novig,-135.0,0.574468085106383,0.623551114310259,0.0491,4.0,under,0.623551114310259,0.0802,824416,677944,3,1
2026-07-03,2026-07-02,Jacob Misiorowski,MIL,CIN,MIL,CIN,8.987811545409592,1,9.5,under,pinnacle,-118.0,0.5412844036697247,0.5624845584315198,0.0212,9.5,under,0.5624845584315198,0.0191,823765,694819,10,0
2026-07-03,2026-07-02,Michael Lorenzen,COL,MIA,COL,MIA,3.855197595443688,1,3.5,over,novig,-100.0,0.5,0.5209719943412692,0.021,3.5,over,0.5209719943412692,-0.0224,824335,547179,1,0
2026-07-03,2026-07-02,Roki Sasaki,LAD,SD,LAD,SD,5.276350310170145,1,4.5,over,novig,-147.0,0.5951417004048583,0.5886414085302057,-0.0065,5.0,over,0.43151261719732,-0.1119,823935,808963,3,0
2026-07-03,2026-07-02,Dustin May,STL,ATL,ATL,STL,4.608363699475152,1,4.5,over,pinnacle,101.0,0.4975124378109453,0.4890655805914403,-0.0084,4.5,over,0.4890655805914403,-0.0543,824906,669160,1,0
2026-07-03,2026-07-02,Stephen Kolek,KC,TB,KC,TB,3.1398260786327854,1,3.5,under,draftkings,-159.0,0.6138996138996139,0.5955789326592023,-0.0183,3.0,over,0.4044210673407977,-0.139,824093,663568,0,1
2026-07-03,2026-07-02,Chase Burns,CIN,MIL,MIL,CIN,7.582660542282212,1,7.5,under,betmgm,-125.0,0.5555555555555556,0.5247212150866004,-0.0308,7.0,over,0.4752787849133996,-0.0681,823765,695505,4,1
2026-07-03,2026-07-02,Walbert Ureña,LAA,SEA,SEA,LAA,4.578943850693633,1,4.5,over,betrivers,-124.0,0.5535714285714286,0.514132273204189,-0.0394,5.0,under,0.642819374947913,0.0994,823119,700712,6,1
2026-07-03,2026-07-02,Davis Martin,CWS,CLE,CLE,CWS,4.519210884857724,1,4.5,over,novig,-122.0,0.5495495495495496,0.4991686127369563,-0.0504,4.5,over,0.4991686127369563,-0.0442,824416,663436,0,0
2026-07-03,2026-07-02,Ryan Gusto,MIA,COL,COL,MIA,3.4777272999053084,1,3.5,over,pinnacle,-116.0,0.5370370370370371,0.484350050779931,-0.0527,3.5,over,0.484350050779931,-0.059,824335,687473,2,0
2026-07-03,2026-07-02,Randy Vásquez,SD,LAD,LAD,SD,3.6274527961665535,1,3.5,under,draftkings,-158.0,0.6124031007751938,0.5370590263020871,-0.0753,3.0,over,0.4629409736979129,-0.0804,823935,681190,0,1
2026-07-03,2026-07-02,Jared Jones,PIT,PHI,PHI,PIT,4.159902836063784,1,4.5,over,novig,-141.0,0.5850622406639004,0.4734213030621198,-0.1116,,,,,823442,683003,6,1
2026-07-04,2026-07-03,Reid Detmers,LAA,BOS,LAA,BOS,4.852056138298174,1,6.5,under,novig,130.0,0.4347826086956521,0.6305677709748951,0.1958,7.0,under,0.7560329379064419,0.2127,824013,672282,5,1
2026-07-04,2026-07-03,Jake Bennett,BOS,LAA,LAA,BOS,3.934593313877289,1,4.5,under,fanduel,128.0,0.4385964912280701,0.5450846267327587,0.1065,5.0,under,0.693788066835833,0.1504,824013,687562,6,0
2026-07-04,2026-07-03,Gavin Williams,CLE,CWS,CLE,CWS,7.341625156726585,1,6.5,over,fanduel,124.0,0.4464285714285714,0.5358405507212856,0.0894,6.0,over,0.4198061950497319,-0.1236,824417,668909,6,0
2026-07-04,2026-07-03,Shohei Ohtani,LAD,SD,LAD,SD,5.85998539923053,1,6.5,under,draftkings,116.0,0.4629629629629629,0.5503324117606632,0.0874,7.0,under,0.6633626058407966,0.12,823933,660271,9,0
2026-07-04,2026-07-03,Gerrit Cole,NYY,MIN,NYY,MIN,4.509493404949644,1,5.5,under,bet365,-115.0,0.5348837209302325,0.6184131771665862,0.0835,5.5,under,0.6482191485272267,0.1048,823527,543037,7,0
2026-07-04,2026-07-03,Foster Griffin,WSH,PIT,WSH,PIT,5.494390167484442,1,6.5,under,novig,-120.0,0.5454545454545454,0.6175225492382318,0.0721,6.0,under,0.7169661307046836,0.1736,822714,656492,2,1
2026-07-04,2026-07-03,Michael King,SD,LAD,LAD,SD,4.222327330356325,1,4.5,under,draftkings,109.0,0.4784688995215311,0.5353275773015976,0.0569,4.5,under,0.5980457589269796,0.0547,823933,650633,5,0
2026-07-04,2026-07-03,Grant Holmes,ATL,NYM,ATL,NYM,5.547274063682547,1,4.5,over,fanduel,-115.0,0.5348837209302325,0.5899070068638171,0.055,4.5,over,0.5613304018734606,0.018,824904,656550,2,0
2026-07-04,2026-07-03,Trevor Rogers,BAL,CIN,CIN,BAL,4.67458595153972,1,5.5,under,draftkings,-127.0,0.5594713656387665,0.6077623219741864,0.0483,,,,,824498,669432,4,1
2026-07-04,2026-07-03,Dylan Cease,TOR,SEA,SEA,TOR,7.430877017581525,1,8.5,under,betrivers,-143.0,0.588477366255144,0.6138962044063752,0.0254,8.0,under,0.6013492830919568,0.058,823120,656302,9,0
2026-07-04,2026-07-03,Andre Pallante,STL,CHC,CHC,STL,4.266876376533059,1,3.5,over,draftkings,-129.0,0.5633187772925764,0.5810128872910209,0.0177,4.0,over,0.4687816852988818,-0.0746,824659,669467,2,0
2026-07-04,2026-07-03,Mitch Keller,PIT,WSH,WSH,PIT,4.250325114237784,1,3.5,over,bet365,-140.0,0.5833333333333334,0.5898362445194582,0.0065,4.0,over,0.4130256430212426,-0.1304,822714,656605,1,0
2026-07-04,2026-07-03,Tyler Phillips,MIA,ATH,ATH,MIA,4.213408098857,1,4.5,under,bet365,-135.0,0.574468085106383,0.5739026525610635,-0.0006,4.0,under,0.6440153105626973,0.1006,824982,663969,2,1
2026-07-04,2026-07-03,Mike Paredes,MIN,NYY,NYY,MIN,3.280528126437104,1,3.5,under,fanduel,-140.0,0.5833333333333334,0.5708030133903794,-0.0125,3.5,under,0.6122347681321905,0.0689,823527,702474,2,1
2026-07-04,2026-07-03,Christian Scott,NYM,ATL,ATL,NYM,4.845788479423522,1,4.5,over,fanduel,-118.0,0.5412844036697247,0.5244552530723786,-0.0168,4.5,over,0.4809640270272001,-0.0624,824904,681035,7,1
2026-07-04,2026-07-03,Ryan Feltner,COL,SF,COL,SF,3.268528884895393,1,3.5,under,draftkings,-149.0,0.5983935742971888,0.574098183085584,-0.0243,3.0,over,0.4105568193245098,-0.1328,824336,663372,9,0
2026-07-04,2026-07-03,Anthony Kay,CWS,CLE,CLE,CWS,5.006942476706247,1,4.5,over,fanduel,-136.0,0.576271186440678,0.550766650864643,-0.0255,5.0,under,0.6695156857277567,0.1261,824417,641743,2,0
2026-07-04,2026-07-03,Kyle Harrison,MIL,AZ,AZ,MIL,5.146993557208536,1,5.5,under,betrivers,-157.0,0.6108949416342413,0.5852102878002696,-0.0257,5.0,over,0.426161183666093,-0.1172,825062,690986,3,1
2026-07-04,2026-07-03,Jack Perkins,ATH,MIA,ATH,MIA,5.269594567129758,1,5.5,under,bet365,-150.0,0.6,0.5688543091891245,-0.0311,5.0,over,0.4051751642771192,-0.1382,824982,678022,8,0
2026-07-04,2026-07-03,Brady Singer,CIN,BAL,CIN,BAL,5.296045063811781,1,5.5,under,draftkings,-145.0,0.5918367346938775,0.559854896840175,-0.032,5.0,under,0.6349712806181347,0.0916,824498,663903,6,0
2026-07-04,2026-07-03,Luis Castillo,SEA,TOR,SEA,TOR,4.868980989217775,1,4.5,over,betmgm,-135.0,0.574468085106383,0.5405940612439388,-0.0339,5.0,under,0.6065057614061977,0.0631,823120,622491,4,0
2026-07-04,2026-07-03,Nick Martinez,TB,HOU,HOU,TB,3.634337632046152,1,3.5,over,novig,-122.0,0.5495495495495496,0.5113735207168808,-0.0382,4.0,under,0.7032196245776721,0.1598,824173,607259,3,0
2026-07-04,2026-07-03,David Peterson,CHC,STL,CHC,STL,3.510578309971524,1,3.5,over,draftkings,-116.0,0.5370370370370371,0.485896358249724,-0.0511,4.0,under,0.6441175626452741,0.1007,824659,656849,3,0
2026-07-04,2026-07-03,Jose Cabrera,AZ,MIL,AZ,MIL,3.637376473134781,1,3.5,over,novig,-141.0,0.5850622406639004,0.5237388098295658,-0.0613,4.0,under,0.6504144247173493,0.107,825062,703615,3,0
2026-07-04,2026-07-03,Spencer Arrighetti,HOU,TB,HOU,TB,4.650169315154863,1,4.5,over,fanduel,-140.0,0.5833333333333334,0.5198518630177581,-0.0635,5.0,under,0.6204852977352616,0.0771,824173,681293,4,0
2026-07-04,2026-07-03,Logan Webb,SF,COL,COL,SF,4.27173150134044,1,4.5,over,draftkings,-141.0,0.5850622406639004,0.4930192218339385,-0.092,,,,,824336,657277,2,0
2026-07-05,2026-07-04,Brendan Beck,NYY,MIN,NYY,MIN,2.3339801943159846,1,3.5,under,bet365,115.0,0.4651162790697674,0.6324383023487242,0.1673,,,,,823526,694341,3,1
2026-07-05,2026-07-04,Robbie Ray,SF,COL,COL,SF,3.4048838609158905,1,4.5,under,betmgm,105.0,0.4878048780487805,0.6204983628155999,0.1327,,,,,824334,592662,4,1
2026-07-05,2026-07-04,Yoshinobu Yamamoto,LAD,SD,LAD,SD,4.911985223571695,1,6.5,under,betmgm,-125.0,0.5555555555555556,0.6654554206679596,0.1099,,,,,823932,808967,10,0
2026-07-05,2026-07-04,Sonny Gray,BOS,LAA,LAA,BOS,4.925538130144445,1,6.5,under,novig,-130.0,0.5652173913043478,0.6674915070265046,0.1023,,,,,824012,543243,7,0
2026-07-05,2026-07-04,Jack Flaherty,DET,TEX,TEX,DET,4.366749958366144,1,5.5,under,draftkings,-113.0,0.5305164319248826,0.6261835757890551,0.0957,,,,,822882,656427,5,1
2026-07-05,2026-07-04,Brandon Woodruff,MIL,AZ,AZ,MIL,3.640421860090958,1,4.5,under,betmgm,-115.0,0.5348837209302325,0.6157979841135005,0.0809,,,,,825063,605540,6,0
2026-07-05,2026-07-04,Shane Bieber,TOR,SEA,SEA,TOR,4.101531772890867,1,4.5,under,fanduel,122.0,0.4504504504504504,0.5299806108732678,0.0795,,,,,823118,669456,3,1
2026-07-05,2026-07-04,Logan Gilbert,SEA,TOR,SEA,TOR,7.588495019967944,1,5.5,over,bet365,-155.0,0.6078431372549019,0.6797704352473436,0.0719,,,,,823118,669302,7,1
2026-07-05,2026-07-04,Chris Sale,ATL,NYM,ATL,NYM,6.592321092392671,1,7.5,under,betmgm,-115.0,0.5348837209302325,0.5910635208438408,0.0562,,,,,824903,519242,3,1
2026-07-05,2026-07-04,Sean Burke,CWS,CLE,CLE,CWS,6.28075413298541,1,5.5,over,fanduel,-104.0,0.5098039215686274,0.5537518303973793,0.0439,,,,,824415,680732,11,1
2026-07-05,2026-07-04,Michael Wacha,KC,PHI,KC,PHI,4.168791317319843,1,4.5,under,pinnacle,-102.0,0.504950495049505,0.5474836739123932,0.0425,,,,,824092,608379,7,0
2026-07-05,2026-07-04,Braxton Ashcraft,PIT,WSH,WSH,PIT,5.806287102571556,1,6.5,under,draftkings,-124.0,0.5535714285714286,0.5849708843475059,0.0314,,,,,822716,677952,7,0
2026-07-05,2026-07-04,Kyle Leahy,STL,CHC,CHC,STL,3.8133074402987663,1,4.5,under,novig,-150.0,0.6,0.6198577693351506,0.0199,,,,,824658,681517,6,0
2026-07-05,2026-07-04,Jesús Luzardo,PHI,KC,KC,PHI,6.659633819534891,1,6.5,over,pinnacle,117.0,0.4608294930875576,0.4798323695462028,0.019,,,,,824092,666200,9,1
2026-07-05,2026-07-04,Cal Quantrill,TEX,DET,TEX,DET,4.1859838572283055,1,3.5,over,bet365,-120.0,0.5454545454545454,0.5598414732948246,0.0144,,,,,822882,615698,2,0
2026-07-05,2026-07-04,Parker Messick,CLE,CWS,CLE,CWS,6.213492920395303,1,6.5,under,bet365,-115.0,0.5348837209302325,0.5466584387404652,0.0118,,,,,824415,800048,3,1
2026-07-05,2026-07-04,Zebby Matthews,MIN,NYY,NYY,MIN,5.023076875243191,1,4.5,over,betrivers,-122.0,0.5495495495495496,0.5493505672063336,-0.0002,,,,,823526,805673,5,1
2026-07-05,2026-07-04,Merrill Kelly,AZ,MIL,AZ,MIL,3.85702382687398,1,3.5,over,novig,-117.0,0.5391705069124424,0.5338527244694524,-0.0053,,,,,825063,518876,6,1
2026-07-05,2026-07-04,Hunter Brown,HOU,TB,HOU,TB,6.068884265443154,1,6.5,under,bet365,-140.0,0.5833333333333334,0.5721097544261365,-0.0112,,,,,824171,686613,3,1
2026-07-05,2026-07-04,Sean Sullivan,COL,SF,COL,SF,3.4624774781276337,1,3.5,over,novig,-100.0,0.5,0.4764526787390873,-0.0235,,,,,824334,807743,4,1
2026-07-05,2026-07-04,Brandon Young,BAL,CIN,CIN,BAL,4.893471351960399,1,4.5,over,draftkings,-132.0,0.5689655172413793,0.542083994290732,-0.0269,,,,,824499,687064,5,1
2026-07-05,2026-07-04,Aaron Civale,ATH,MIA,ATH,MIA,3.716326395350905,1,3.5,over,novig,-125.0,0.5555555555555556,0.5193666866326657,-0.0362,,,,,824983,650644,6,1
2026-07-05,2026-07-04,Shota Imanaga,CHC,STL,CHC,STL,4.510431661517785,1,4.5,over,novig,-115.0,0.5348837209302325,0.4957811679677282,-0.0391,,,,,824658,684007,8,1
2026-07-05,2026-07-04,Sandy Alcantara,MIA,ATH,ATH,MIA,4.396440421744049,1,4.5,over,novig,-111.0,0.5260663507109005,0.4857240333491213,-0.0403,,,,,824983,645261,8,1
2026-07-05,2026-07-04,Drew Rasmussen,TB,HOU,HOU,TB,5.527588546395768,1,5.5,over,fanduel,-128.0,0.5614035087719298,0.5020587129749808,-0.0593,,,,,824171,656876,2,0
2026-07-05,2026-07-04,Sean Manaea,NYM,ATL,ATL,NYM,4.444169699683423,1,4.5,over,draftkings,-124.0,0.5535714285714286,0.4864346661445294,-0.0671,,,,,824903,640455,4,0
2026-07-05,2026-07-04,Sam Aldegheri,LAA,BOS,LAA,BOS,3.241654966630932,1,3.5,over,pinnacle,-137.0,0.5780590717299579,0.4717659355852291,-0.1063,,,,,824012,691951,2,0
2026-07-05,2026-07-04,Carson Palmquist,WSH,PIT,WSH,PIT,4.153982875678924,0,,,,,,,,,,,,822716,687223,3,-2
2026-07-05,2026-07-04,Wandy Peralta,SD,LAD,LAD,SD,1.1275527378120187,0,,,,,,,,,,,,823932,593974,0,-2
2026-07-06,2026-07-05,Matthew Liberatore,STL,CHC,CHC,STL,5.241749428990359,1,4.5,over,bet365,120.0,0.4545454545454545,0.5379499629394803,0.0834,,,,,824656,669461,3,0
2026-07-06,2026-07-05,Ryan Weathers,NYY,MIN,NYY,MIN,5.05388834508634,1,5.5,under,draftkings,119.0,0.45662100456621,0.5375984687935357,0.081,,,,,823525,677960,6,0
2026-07-06,2026-07-05,Nick Lodolo,CIN,BAL,CIN,BAL,4.825353437758513,1,5.5,under,draftkings,-102.0,0.504950495049505,0.571341992606633,0.0664,,,,,824497,666157,4,1
2026-07-06,2026-07-05,Tanner Gordon,COL,SF,COL,SF,2.8550406366786625,1,3.5,under,fanduel,-120.0,0.5454545454545454,0.6095942062068411,0.0641,,,,,824333,685299,7,0
2026-07-06,2026-07-05,Ranger Suarez,BOS,LAA,LAA,BOS,5.551980475670906,1,6.5,under,betmgm,-125.0,0.5555555555555556,0.6133654926022103,0.0578,,,,,824010,624133,5,1
2026-07-06,2026-07-05,Joe Ryan,MIN,NYY,NYY,MIN,5.725299499516102,1,6.5,under,betrivers,-109.0,0.5215311004784688,0.5791896293753582,0.0577,,,,,823525,657746,9,0
2026-07-06,2026-07-05,Mason Englert,TB,HOU,HOU,TB,3.068475958181329,1,3.5,under,bet365,-105.0,0.5121951219512195,0.5677992649486999,0.0556,,,,,824172,669438,9,0
2026-07-06,2026-07-05,Brandon Sproat,MIL,AZ,AZ,MIL,4.780639561259349,1,4.5,over,fanduel,132.0,0.4310344827586206,0.4810026719074415,0.05,,,,,825061,687075,4,0
2026-07-06,2026-07-05,Emmet Sheehan,LAD,SD,LAD,SD,6.342971720727562,1,5.5,over,novig,-108.0,0.5192307692307693,0.5643845960374826,0.0452,,,,,823931,686218,5,0
2026-07-06,2026-07-05,Ryan Johnson,LAA,BOS,LAA,BOS,3.6991146169173694,1,4.5,under,novig,-141.0,0.5850622406639004,0.628921882168615,0.0439,,,,,824010,696270,6,0
2026-07-06,2026-07-05,Kyle Bradish,BAL,CIN,CIN,BAL,5.907930170097634,1,6.5,under,fanduel,-111.0,0.5260663507109005,0.5674511761817754,0.0414,,,,,824497,680694,5,1
2026-07-06,2026-07-05,Bubba Chandler,PIT,WSH,WSH,PIT,3.899150436584823,1,4.5,under,draftkings,-122.0,0.5495495495495496,0.5882975614205324,0.0387,,,,,822715,696149,0,1
2026-07-06,2026-07-05,Emerson Hancock,SEA,TOR,SEA,TOR,4.643535707414944,1,4.5,over,bet365,115.0,0.4651162790697674,0.4972516496009096,0.0321,,,,,823117,676106,5,1
2026-07-06,2026-07-05,Martín Pérez,ATL,NYM,ATL,NYM,3.9385135275043033,1,4.5,under,draftkings,-138.0,0.5798319327731093,0.5997622906743361,0.0199,,,,,824902,527048,1,1
2026-07-06,2026-07-05,Cade Cavalli,WSH,PIT,WSH,PIT,5.76216121555236,1,6.5,under,draftkings,-144.0,0.5901639344262295,0.6037592042181786,0.0136,,,,,822715,676917,3,1
2026-07-06,2026-07-05,Peter Lambert,HOU,TB,HOU,TB,4.328508656708976,1,4.5,under,bet365,-110.0,0.5238095238095238,0.5364454846395639,0.0126,,,,,824172,663567,6,0
2026-07-06,2026-07-05,Javier Assad,CHC,STL,CHC,STL,3.5677417259599187,1,3.5,over,bet365,110.0,0.4761904761904761,0.4748868459329884,-0.0013,,,,,824656,665871,2,0
2026-07-06,2026-07-05,Kumar Rocker,TEX,DET,TEX,DET,5.014482454578086,1,4.5,over,fanduel,-142.0,0.5867768595041323,0.5555519690055899,-0.0312,,,,,822879,677958,4,0
2026-07-06,2026-07-05,Eduardo Rodriguez,AZ,MIL,AZ,MIL,4.347736812149276,1,4.5,under,fanduel,-146.0,0.5934959349593496,0.55890671692962,-0.0346,,,,,825061,593958,3,1
2026-07-06,2026-07-05,Tyler Mahle,SF,COL,COL,SF,4.126948238995102,1,3.5,over,bet365,-170.0,0.6296296296296297,0.5857581371704871,-0.0439,,,,,824333,641816,5,1
2026-07-06,2026-07-05,Nolan McLean,NYM,ATL,ATL,NYM,5.58632030948263,1,5.5,over,betrivers,-136.0,0.576271186440678,0.5140758380229028,-0.0622,,,,,824902,690997,5,0
2026-07-06,2026-07-05,JP Sears,SD,LAD,LAD,SD,3.422754906890659,1,3.5,over,betmgm,-125.0,0.5555555555555556,0.4879801285958385,-0.0676,,,,,823931,676664,5,1
2026-07-06,2026-07-05,Luinder Avila,KC,PHI,KC,PHI,4.544889760845988,1,4.5,under,bet365,-165.0,0.6226415094339622,0.5467217735066421,-0.0759,,,,,824091,679883,4,1
2026-07-06,2026-07-05,Gage Jump,ATH,MIA,ATH,MIA,4.667215494256324,1,4.5,over,betrivers,-159.0,0.6138996138996139,0.5291583726372483,-0.0847,,,,,824980,695611,1,0
2026-07-06,2026-07-05,Eury Pérez,MIA,ATH,ATH,MIA,5.238370932294393,1,5.5,over,fanduel,-132.0,0.5689655172413793,0.4833270794789095,-0.0856,,,,,824980,691587,8,1
2026-07-06,2026-07-05,Tanner Bibee,CLE,CWS,CLE,CWS,4.692062079230975,1,4.5,over,bet365,-165.0,0.6226415094339622,0.5328826079376877,-0.0898,,,,,824413,676440,1,0
2026-07-06,2026-07-05,Aaron Nola,PHI,KC,KC,PHI,4.412429514530446,1,4.5,over,bet365,-155.0,0.6078431372549019,0.5022140351982773,-0.1056,,,,,824091,605400,7,1
2026-07-06,2026-07-05,Casey Mize,DET,TEX,TEX,DET,4.313501661123322,1,4.5,over,bet365,-170.0,0.6296296296296297,0.501071200173497,-0.1286,,,,,822879,663554,4,0
2026-07-06,2026-07-05,Trey Yesavage,TOR,SEA,SEA,TOR,4.971655918063924,1,5.5,over,bet365,-160.0,0.6153846153846154,0.474036136617289,-0.1413,,,,,823117,702056,7,1
2026-07-06,2026-07-05,Chris Murphy,CWS,CLE,CLE,CWS,1.913088482461741,0,,,,,,,,,,,,824413,669684,1,-2
2026-07-07,2026-07-06,Dustin May,STL,MIL,STL,MIL,5.744883061205331,1,3.5,over,betmgm,-145.0,0.5918367346938775,0.7153906178078007,0.1236,,,,,823036,669160,7,1
2026-07-07,2026-07-06,Miles Mikolas,WSH,HOU,WSH,HOU,3.925825226628323,1,3.5,over,novig,170.0,0.3703703703703703,0.4831217165287796,0.1128,,,,,822712,571945,3,0
2026-07-07,2026-07-06,Cristopher Sánchez,PHI,KC,KC,PHI,5.549571319537264,1,6.5,under,draftkings,-105.0,0.5121951219512195,0.5897735120548655,0.0776,,,,,824089,650911,1,1
2026-07-07,2026-07-06,Eric Lauer,LAD,COL,LAD,COL,3.826286731146313,1,4.5,under,draftkings,-127.0,0.5594713656387665,0.6063511930679647,0.0469,,,,,823930,641778,3,1
2026-07-07,2026-07-06,Kyle Freeland,COL,LAD,LAD,COL,3.536838222894011,1,4.5,under,bet365,-155.0,0.6078431372549019,0.6459017926708827,0.0381,,,,,823930,607536,2,1
2026-07-07,2026-07-06,Griffin Jax,TB,NYY,TB,NYY,6.073427332958426,1,5.5,over,betmgm,100.0,0.5,0.5292092295971602,0.0292,,,,,822958,643377,10,1
2026-07-07,2026-07-06,Shane Drohan,MIL,STL,STL,MIL,3.8238185720414455,1,4.5,under,draftkings,-156.0,0.609375,0.6166728158579348,0.0073,,,,,823036,675660,2,1
2026-07-07,2026-07-06,Brandon Pfaadt,AZ,SD,SD,AZ,3.8708097184246495,1,3.5,over,novig,-120.0,0.5454545454545454,0.5372192693398126,-0.0082,,,,,823282,694297,6,1
2026-07-07,2026-07-06,Reynaldo López,ATL,NYM,ATL,NYM,4.320640666604019,1,4.5,under,bet365,-135.0,0.574468085106383,0.5638028861551045,-0.0107,,,,,824900,625643,5,0
2026-07-07,2026-07-06,Mike Burrows,HOU,WSH,WSH,HOU,4.136399261408601,1,3.5,over,draftkings,-144.0,0.5901639344262295,0.5751058966524593,-0.0151,,,,,822712,681347,3,0
2026-07-07,2026-07-06,Kevin Gausman,TOR,SF,SF,TOR,5.364828335937417,1,5.5,under,pinnacle,-128.0,0.5614035087719298,0.5459070320442363,-0.0155,,,,,823205,592332,8,0
2026-07-07,2026-07-06,Walker Buehler,SD,AZ,SD,AZ,3.914503983359893,1,3.5,over,novig,-133.0,0.5708154506437768,0.5512039642497097,-0.0196,,,,,823282,621111,4,1
2026-07-07,2026-07-06,Noah Cameron,KC,PHI,KC,PHI,5.137721399499592,1,4.5,over,betrivers,-148.0,0.5967741935483871,0.5732682969418197,-0.0235,,,,,824089,702070,7,1
2026-07-07,2026-07-06,Cam Schlittler,NYY,TB,TB,NYY,5.669871461522548,1,5.5,over,bet365,-130.0,0.5652173913043478,0.5226561782200817,-0.0426,,,,,822958,693645,8,1
2026-07-07,2026-07-06,Freddy Peralta,NYM,ATL,ATL,NYM,4.6420511247182725,1,4.5,over,pinnacle,-132.0,0.5689655172413793,0.5184290108821733,-0.0505,,,,,824900,642547,6,1
2026-07-07,2026-07-06,Landen Roupp,SF,TOR,SF,TOR,4.7082546217775,1,4.5,over,bet365,-160.0,0.6153846153846154,0.5385537256306078,-0.0768,,,,,823205,694738,5,1
2026-07-12,2026-07-11,Shane Drohan,MIL,PIT,PIT,MIL,3.658361012487504,1,4.5,under,fanduel,126.0,0.4424778761061947,0.5732282666181019,0.1308,5.0,under,0.6617368500010603,0.1184,823356,675660,6,0
2026-07-12,2026-07-11,Freddy Peralta,NYM,BOS,NYM,BOS,4.343715000796189,1,5.5,under,bet365,100.0,0.5,0.6174695042653319,0.1175,5.5,under,0.5328067165278993,-0.0106,823603,642547,6,0
2026-07-12,2026-07-11,Logan Gilbert,SEA,TB,TB,SEA,4.813233603708586,1,5.5,under,fanduel,-102.0,0.504950495049505,0.5935733676730441,0.0886,5.5,over,0.4916520045718625,-0.0517,822953,669302,5,1
2026-07-12,2026-07-11,Eury Pérez,MIA,CLE,MIA,CLE,7.512232005369809,1,6.5,over,bet365,105.0,0.4878048780487805,0.5584564963511275,0.0707,6.5,over,0.5325437550461084,-0.0108,823844,691587,6,0
2026-07-12,2026-07-11,Tanner Bibee,CLE,MIA,MIA,CLE,3.797716378098515,1,4.5,under,bet365,-120.0,0.5454545454545454,0.6040993032089977,0.0586,4.5,under,0.5712091368384768,0.0278,823844,676440,3,1
2026-07-12,2026-07-11,Matthew Liberatore,STL,ATL,STL,ATL,5.258989382234896,1,4.5,over,draftkings,101.0,0.4975124378109453,0.5511889455986263,0.053676507787681,4.5,over,0.5511889455986263,0.0078,823030,669461,6,1
2026-07-12,2026-07-11,Casey Mize,DET,PHI,DET,PHI,5.960862124306422,1,5.5,over,betrivers,112.0,0.4716981132075472,0.5151506126597808,0.0434524994522336,5.0,over,0.5151506126597808,-0.0282,824249,663554,5,0
2026-07-12,2026-07-11,Griffin Jax,TB,SEA,TB,SEA,6.600196853332044,1,5.5,over,betrivers,-125.0,0.5555555555555556,0.5959126854529239,0.0404,,,,,822953,643377,3,0
2026-07-12,2026-07-11,Cam Schlittler,NYY,WSH,WSH,NYY,5.648010815966467,1,6.5,under,bet365,-135.0,0.574468085106383,0.6104732893504987,0.036,6.0,under,0.6012830298494746,0.0579,822711,693645,6,1
2026-07-12,2026-07-11,Peter Lambert,HOU,TEX,TEX,HOU,4.160391883223466,1,4.5,under,fanduel,-106.0,0.5145631067961165,0.5489452818543614,0.0343821750582449,4.5,under,0.5489452818543614,0.0056,822875,663567,7,0
2026-07-12,2026-07-11,Cristopher Sánchez,PHI,DET,DET,PHI,6.734919102818559,1,6.5,over,novig,-107.0,0.5169082125603864,0.5511043085613825,0.034196096000996,7.0,under,0.6223838103518162,0.079,824249,650911,7,1
2026-07-12,2026-07-11,Kyle Freeland,COL,SF,SF,COL,3.667752860658484,1,4.5,under,fanduel,-150.0,0.6,0.6329258423039303,0.0329,4.0,under,0.6265437798468984,0.0832,823198,607536,9,0
2026-07-12,2026-07-11,Kyle Bradish,BAL,KC,BAL,KC,5.938904953649495,1,5.5,over,bet365,110.0,0.4761904761904761,0.5083620247968104,0.0321715486063342,5.0,over,0.5083620247968104,-0.035,824813,680694,5,0
2026-07-12,2026-07-11,Joe Ryan,MIN,LAA,MIN,LAA,6.994378474158959,1,7.5,under,draftkings,-112.0,0.5283018867924528,0.5585172711536146,0.0302,7.5,under,0.5637467871319756,0.0204,823682,657746,6,1
2026-07-12,2026-07-11,Trey Yesavage,TOR,SD,SD,TOR,5.025214502680101,1,5.5,under,novig,-125.0,0.5555555555555556,0.5760694349313781,0.0205138793758224,5.0,over,0.4239305650686219,-0.1194,823276,702056,1,1
2026-07-12,2026-07-11,Tyler Mahle,SF,COL,SF,COL,4.367602094438177,1,4.5,over,draftkings,120.0,0.4545454545454545,0.4733195265819783,0.0188,5.0,under,0.6112900135368988,0.0679,823198,641816,4,0
2026-07-12,2026-07-11,Yoshinobu Yamamoto,LAD,AZ,LAD,AZ,6.070114554807736,1,6.5,under,bet365,-150.0,0.6,0.6177323629897149,0.0177323629897149,6.0,over,0.4222676370102851,-0.1211,823926,808967,6,1
2026-07-12,2026-07-11,Reynaldo López,ATL,STL,STL,ATL,3.8739424097453226,1,3.5,over,betmgm,100.0,0.5,0.517061061408439,0.0170610614084389,3.5,over,0.517061061408439,-0.0263,823030,625643,3,0
2026-07-12,2026-07-11,Bubba Chandler,PIT,MIL,PIT,MIL,4.2754427967239,1,4.5,under,bet365,-115.0,0.5348837209302325,0.5518067884010083,0.0169,4.0,over,0.4157774490597903,-0.1276,823356,696149,6,0
2026-07-12,2026-07-11,Javier Assad,CHC,CIN,CIN,CHC,4.050741615476391,1,3.5,over,fanduel,-113.0,0.5305164319248826,0.5449694560008079,0.0144530240759253,3.5,over,0.5449694560008079,0.0016,824492,665871,4,1
2026-07-12,2026-07-11,Brandon Pfaadt,AZ,LAD,LAD,AZ,3.588168398573516,1,3.5,over,betmgm,-105.0,0.5121951219512195,0.5258081776900954,0.0136130557388758,3.5,over,0.4858081776900954,-0.0576,823926,694297,2,0
2026-07-12,2026-07-11,Brandon Sproat,MIL,PIT,PIT,MIL,5.573473424914583,1,5.5,over,bet365,115.0,0.4651162790697674,0.4749428806936573,0.0098,,,,,823357,687075,3,0
2026-07-12,2026-07-11,Kumar Rocker,TEX,HOU,TEX,HOU,4.118209408412464,1,4.5,under,betmgm,-135.0,0.574468085106383,0.5800273125527173,0.0055592274463343,4.0,over,0.4199726874472826,-0.1234,822875,677958,6,0
2026-07-12,2026-07-11,Noah Cameron,KC,BAL,BAL,KC,5.282600275015431,1,5.5,under,fanduel,-146.0,0.5934959349593496,0.59815038072982,0.0046544457704703,5.0,over,0.44184961927018,-0.1015,824813,702070,9,0
2026-07-12,2026-07-11,Ryan Johnson,LAA,MIN,MIN,LAA,3.980208737373359,1,3.5,over,fanduel,-130.0,0.5652173913043478,0.5525702448899382,-0.0126,4.0,under,0.656419039759363,0.113,823682,696270,1,0
2026-07-12,2026-07-11,Gage Jump,ATH,CWS,CWS,ATH,5.390038512526165,1,5.5,under,fanduel,-122.0,0.5495495495495496,0.5360975316746783,-0.0135,5.5,under,0.6316585088943367,0.0883,824576,695611,7,0
2026-07-12,2026-07-11,Walker Buehler,SD,TOR,SD,TOR,4.567476482855338,1,3.5,over,betmgm,-130.0,0.5652173913043478,0.5308564875009235,-0.0343609038034242,3.5,over,0.6108564875009235,0.0675,823276,621111,1,0
2026-07-12,2026-07-11,Braxton Ashcraft,PIT,MIL,PIT,MIL,6.420815946490404,1,6.5,under,draftkings,-146.0,0.5934959349593496,0.5449136834031238,-0.0486,,,,,823357,677952,6,1
2026-07-12,2026-07-11,Nick Lodolo,CIN,CHC,CIN,CHC,4.378716634989631,1,4.5,over,betrivers,-148.0,0.5967741935483871,0.4949417925117971,-0.10183240103659,5.0,under,0.6608514780502442,0.1175,824492,666157,4,0
2026-07-12,2026-07-11,Bryan Hudson,CWS,ATH,CWS,ATH,1.744783039968306,0,,,,,,,,,,,,824576,663542,0,-2
2026-07-12,2026-07-11,PJ Poulin,WSH,NYY,WSH,NYY,1.856481389101329,0,,,,,,,,,,,,822711,676571,3,-2
2026-07-13,2026-07-12,Taj Bradley,MIN,LAA,MIN,LAA,8.559046874866944,1,6.5,over,betrivers,-107.0,0.5169082125603864,0.6451508769059808,0.1282,6.5,over,0.6705879227185544,0.1272,823681,671737,6,0
2026-07-13,2026-07-12,MacKenzie Gore,TEX,HOU,TEX,HOU,5.879074161133135,1,4.5,over,bet365,110.0,0.4761904761904761,0.6020613874037251,0.1259,4.5,over,0.5874889557361305,0.0441,822876,669022,4,0
2026-07-13,2026-07-12,Germán Márquez,SD,TOR,SD,TOR,4.308616885348994,1,3.5,over,bet365,132.0,0.4310344827586206,0.5424868542747376,0.1115,3.0,over,0.5306691704206302,-0.0127,823274,608566,4,1
2026-07-13,2026-07-12,Dustin May,STL,ATL,STL,ATL,3.882853966500205,1,4.5,under,draftkings,112.0,0.4716981132075472,0.5642210146377997,0.0925,4.5,over,0.5151160235737782,-0.0283,823029,669160,4,1
2026-07-13,2026-07-12,Will Warren,NYY,WSH,WSH,NYY,3.3568393778401124,1,4.5,under,betrivers,-129.0,0.5633187772925764,0.6508849628789298,0.0876,,,,,822708,701542,2,1
2026-07-13,2026-07-12,Matthew Boyd,CHC,CIN,CIN,CHC,4.644695247264136,1,5.5,under,bet365,100.0,0.5,0.5871238415359958,0.0871,5.5,under,0.5912982838388017,0.0479,824491,571510,3,1
2026-07-13,2026-07-12,Zack Wheeler,PHI,DET,DET,PHI,6.324374553207474,1,7.5,under,betrivers,-124.0,0.5535714285714286,0.6210616852501469,0.0675,7.0,under,0.6302815586323831,0.0869,824250,554430,10,0
2026-07-13,2026-07-12,Tyler Phillips,MIA,CLE,MIA,CLE,3.760021814562281,1,3.5,over,draftkings,144.0,0.4098360655737705,0.4711742042213003,0.0613,3.0,over,0.5660751330029788,0.0227,823842,663969,1,0
2026-07-13,2026-07-12,Seth Lugo,KC,BAL,BAL,KC,4.001585720995183,1,4.5,under,betrivers,-107.0,0.5169082125603864,0.5655205267780287,0.0486,4.5,under,0.5504499929765919,0.0071,824814,607625,6,0
2026-07-13,2026-07-12,Emerson Hancock,SEA,TB,TB,SEA,3.4165812034010776,1,4.5,under,fanduel,-164.0,0.6212121212121212,0.6627301038970888,0.0415,4.0,over,0.4728654488708442,-0.0705,822951,676106,2,1
2026-07-13,2026-07-12,J.T. Ginn,ATH,CWS,CWS,ATH,4.7895691645459575,1,4.5,over,bet365,105.0,0.4878048780487805,0.5016247762041086,0.0138,4.5,under,0.5499251649657172,0.0065,824574,669372,7,1
2026-07-13,2026-07-12,Andrew Abbott,CIN,CHC,CIN,CHC,4.821038943857968,1,4.5,over,betrivers,102.0,0.495049504950495,0.5088361165270854,0.0138,4.5,over,0.5651952297507509,0.0218,824491,671096,3,0
2026-07-13,2026-07-12,Cristian Javier,HOU,TEX,TEX,HOU,3.0953326595200004,1,3.5,under,bet365,-135.0,0.574468085106383,0.5854335989423275,0.011,3.0,over,0.3823318239097205,-0.161,822876,664299,4,0
2026-07-13,2026-07-12,Cade Cavalli,WSH,NYY,WSH,NYY,5.921880833639906,1,5.5,over,bet365,-105.0,0.5121951219512195,0.5185002075075091,0.0063,5.5,over,0.5194787083471194,-0.0239,822708,676917,5,0
2026-07-13,2026-07-12,José Soriano,LAA,MIN,MIN,LAA,5.008129511703774,1,5.5,under,bet365,-140.0,0.5833333333333334,0.5857414465756692,0.0024,5.0,over,0.4466771240758818,-0.0967,823681,667755,0,1
2026-07-13,2026-07-12,Noah Schultz,CWS,ATH,CWS,ATH,4.8096541227232565,1,4.5,over,bet365,-105.0,0.5121951219512195,0.5085931023717253,-0.0036,4.5,over,0.4868620686008921,-0.0565,824574,702273,4,0
2026-07-13,2026-07-12,Kevin Gausman,TOR,SD,SD,TOR,5.658402899063719,1,5.5,over,fanduel,-104.0,0.5098039215686274,0.4964928263578565,-0.0133,5.5,over,0.479801575485972,-0.0636,823274,592332,8,1
2026-07-13,2026-07-12,Zach Thornton,NYM,BOS,NYM,BOS,4.244960792808073,1,4.5,under,draftkings,-135.0,0.574468085106383,0.560578635598199,-0.0139,4.0,over,0.4241097995696968,-0.1193,823602,804267,5,0
2026-07-13,2026-07-12,Tarik Skubal,DET,PHI,DET,PHI,7.873676611770868,1,7.5,over,betrivers,-120.0,0.5454545454545454,0.5249708566882215,-0.0205,7.5,over,0.5019015031630547,-0.0415,824250,669373,5,0
2026-07-13,2026-07-12,Michael Lorenzen,COL,SF,SF,COL,3.837266028604613,1,3.5,over,draftkings,-131.0,0.5670995670995671,0.5323871017942854,-0.0347,3.5,over,0.5461070716622102,0.0027,823199,547179,1,0
2026-07-13,2026-07-12,Ian Seymour,TB,SEA,TB,SEA,5.921436698651201,1,5.5,over,bet365,-140.0,0.5833333333333334,0.5440370142442584,-0.0393,6.0,under,0.6314101926649411,0.088,822951,693855,3,0
2026-07-13,2026-07-12,Paul Skenes,PIT,MIL,PIT,MIL,6.848544302696862,1,6.5,over,draftkings,-136.0,0.576271186440678,0.5319973149186272,-0.0443,7.0,over,0.4377746490181144,-0.1056,823358,694973,7,1
2026-07-13,2026-07-12,Payton Tolle,BOS,NYM,NYM,BOS,4.829067567935765,1,4.5,over,bet365,-140.0,0.5833333333333334,0.5356279830982502,-0.0477,5.0,over,0.4111060792717927,-0.1323,823602,801139,7,1
2026-07-13,2026-07-12,Joey Cantillo,CLE,MIA,MIA,CLE,5.0546048039638585,1,4.5,over,betrivers,-165.0,0.6226415094339622,0.5693108914395251,-0.0533,5.0,over,0.3960555617797264,-0.1473,823842,676282,9,1
2026-07-13,2026-07-12,Mitch Bratt,AZ,LAD,LAD,AZ,2.9950394670321177,1,3.5,under,bet365,-135.0,0.574468085106383,0.5200288223512761,-0.0544392627551069,,,,,823925,683352,0,1
2026-07-13,2026-07-12,Emmet Sheehan,LAD,AZ,LAD,AZ,5.317325602586588,1,5.5,under,fanduel,-166.0,0.6240601503759399,0.5640432411972637,-0.06,5.0,over,0.4442573964519368,-0.0991,823925,686218,7,0
2026-07-13,2026-07-12,Robert Gasser,MIL,PIT,PIT,MIL,4.57640645050416,1,4.5,over,bet365,-140.0,0.5833333333333334,0.5155022387625795,-0.0678,5.0,under,0.625185998930354,0.0818,823358,688107,3,0
2026-07-13,2026-07-12,Shane Baz,BAL,KC,BAL,KC,5.5267903704855295,1,5.5,under,draftkings,-158.0,0.6124031007751938,0.5419976253439709,-0.0704,5.0,over,0.4381433869131959,-0.1052,824814,669358,9,0
2026-07-13,2026-07-12,Trevor McDonald,SF,COL,SF,COL,3.462367342914174,1,3.5,over,bet365,-175.0,0.6363636363636364,0.5126277202291106,-0.1237,4.0,under,0.63980064663212,0.0964,823199,686790,4,1
2026-07-17,2026-07-16,Christian Scott,NYM,PHI,PHI,NYM,6.196218540560325,1,5.5,over,draftkings,111.0,0.4739336492890995,0.536474506464404,0.0625,5.5,over,0.5324313039123947,-0.0109,823440,681035,7,1
2026-07-17,2026-07-16,Aaron Nola,PHI,NYM,PHI,NYM,5.095802286137986,1,5.5,under,draftkings,-142.0,0.5867768595041323,0.618369091038523,0.0315922315343907,5.0,over,0.421630908961477,-0.1217,823440,605400,6,0
2026-07-18,2026-07-17,Troy Melton,DET,LAA,LAA,DET,4.9796272913454045,1,5.5,under,novig,113.0,0.4694835680751174,0.5492135559766613,0.0797299879015439,5.5,under,0.5492135559766613,0.0058,824009,675512,9,0
2026-07-18,2026-07-17,Cal Quantrill,TEX,ATL,ATL,TEX,3.744756055510616,1,3.5,over,bet365,140.0,0.4166666666666667,0.4730489980630725,0.0563823313964058,,,,,824901,615698,3,0
2026-07-18,2026-07-17,Peter Lambert,HOU,BAL,HOU,BAL,6.231581974583905,1,5.5,over,novig,106.0,0.4854368932038835,0.5393187431329479,0.0538818499290644,5.5,over,0.5393187431329479,-0.0041,824170,663567,10,1
2026-07-18,2026-07-17,Mason Englert,TB,BOS,BOS,TB,2.9416233730208443,1,4.5,under,fanduel,-162.0,0.6183206106870229,0.6701415438304884,0.0518209331434654,,,,,824737,669438,4,1
2026-07-18,2026-07-17,Reid Detmers,LAA,DET,LAA,DET,5.185606830679945,1,6.5,under,draftkings,103.0,0.4926108374384236,0.5380013535570699,0.0453905161186462,6.5,under,0.6180013535570699,0.0746,824009,672282,7,0
2026-07-18,2026-07-17,Gerrit Cole,NYY,LAD,NYY,LAD,5.087135903855134,1,5.5,under,betrivers,-134.0,0.5726495726495726,0.612535558547064,0.0398859858974913,5.0,over,0.427464441452936,-0.1159,823524,543037,8,0
2026-07-18,2026-07-17,Landen Roupp,SF,SEA,SEA,SF,5.601594802609153,1,5.5,over,betmgm,105.0,0.4878048780487805,0.5254635213963385,0.0376586433475579,5.5,over,0.4854635213963384,-0.0579,823115,694738,2,0
2026-07-18,2026-07-17,Logan Henderson,MIL,MIA,MIL,MIA,5.062204381507014,1,5.5,under,fanduel,-142.0,0.5867768595041323,0.6215451080475716,0.0347682485434392,5.0,over,0.4184548919524284,-0.1249,823766,701656,4,1
2026-07-18,2026-07-17,Anthony Kay,CWS,TOR,TOR,CWS,3.931247242399823,1,3.5,over,pinnacle,100.0,0.5,0.5248781906747987,0.0248781906747986,3.5,over,0.5248781906747987,-0.0185,822789,641743,5,1
2026-07-18,2026-07-17,Dean Kremer,BAL,HOU,HOU,BAL,5.079172348969725,1,4.5,over,betrivers,-136.0,0.576271186440678,0.5988378311615765,0.0225666447208985,5.0,over,0.4009349035379819,-0.1424,824170,665152,5,1
2026-07-18,2026-07-17,Colin Rea,CHC,MIN,CHC,MIN,4.19463874578063,1,3.5,over,pinnacle,-120.0,0.5454545454545454,0.5676103864220756,0.0221558409675302,3.5,over,0.5676103864220756,0.0242,824655,607067,6,1
2026-07-18,2026-07-17,Brady Singer,CIN,COL,COL,CIN,4.649428412653756,1,4.5,over,betmgm,120.0,0.4545454545454545,0.4732756581597972,0.0187302036143426,4.0,over,0.4732756581597972,-0.0701,824332,663903,6,1
2026-07-18,2026-07-17,Bryce Miller,SEA,SF,SEA,SF,6.030805459645893,1,5.5,over,bet365,-140.0,0.5833333333333334,0.5963305462707809,0.0129972129374474,6.0,over,0.4118017401613443,-0.1316,823115,682243,6,1
2026-07-18,2026-07-17,Merrill Kelly,AZ,STL,AZ,STL,3.573588424187065,1,3.5,over,betmgm,-110.0,0.5238095238095238,0.5334847652860188,0.009675241476495,3.5,over,0.4934847652860188,-0.0499,825060,518876,3,0
2026-07-18,2026-07-17,Cade Cavalli,WSH,ATH,ATH,WSH,5.091851897258783,1,4.5,over,betmgm,-120.0,0.5454545454545454,0.5523325113160942,0.0068779658615487,4.5,over,0.5523325113160942,0.009,824981,676917,9,1
2026-07-18,2026-07-17,Jake Bennett,BOS,TB,BOS,TB,4.126587779936985,1,3.5,over,fanduel,-132.0,0.5689655172413793,0.56410475105054,-0.0049,4.0,under,0.6207425408224008,0.0774,824766,687562,3,0
2026-07-18,2026-07-17,Chris Sale,ATL,TEX,ATL,TEX,6.472009922785631,1,7.5,under,novig,-120.0,0.5454545454545454,0.5300076858002339,-0.0154468596543114,7.0,under,0.6100076858002339,0.0666,824901,519242,6,1
2026-07-18,2026-07-17,Griffin Jax,TB,BOS,BOS,TB,5.323331050101251,1,4.5,over,fanduel,-154.0,0.6062992125984252,0.5904120608963274,-0.0159,5.0,over,0.4284628460052144,-0.1149,824766,643377,6,1
2026-07-18,2026-07-17,Sandy Alcantara,MIA,MIL,MIL,MIA,5.88958699453338,1,4.5,over,pinnacle,-133.0,0.5708154506437768,0.5502617391803363,-0.0205537114634405,5.0,over,0.4762068540685347,-0.0672,823766,645261,7,1
2026-07-18,2026-07-17,Bailey Ober,MIN,CHC,CHC,MIN,3.6350997061111694,1,3.5,over,betrivers,-129.0,0.5633187772925764,0.5415811347874644,-0.021737642505112,4.0,under,0.6626256753341152,0.1192,824655,641927,7,1
2026-07-18,2026-07-17,Gage Jump,ATH,WSH,ATH,WSH,4.57570143297875,1,4.5,over,betmgm,-135.0,0.574468085106383,0.5468594036230717,-0.0276086814833113,5.0,under,0.6402208185972234,0.0968,824981,695611,8,1
2026-07-18,2026-07-17,Roki Sasaki,LAD,NYY,NYY,LAD,5.89155359514568,1,4.5,over,novig,-147.0,0.5951417004048583,0.5635549659926706,-0.0315867344121876,5.0,over,0.4909955644876076,-0.0524,823524,808963,5,1
2026-07-18,2026-07-17,Michael King,SD,KC,KC,SD,3.7653936804480135,1,4.5,under,novig,-138.0,0.5798319327731093,0.5399831106717008,-0.0398488221014085,4.0,under,0.6199831106717008,0.0766,824090,650633,4,1
2026-07-18,2026-07-17,Seth Lugo,KC,SD,KC,SD,3.6566103674850985,1,4.5,under,novig,-150.0,0.6,0.5574891022370502,-0.0425108977629498,4.0,under,0.6374891022370501,0.0941,824090,607625,3,1
2026-07-18,2026-07-17,Michael McGreevy,STL,AZ,AZ,STL,3.2433794565857705,1,2.5,over,fanduel,-162.0,0.6183206106870229,0.561759823147947,-0.0565607875390758,,,,,825060,700241,5,1
2026-07-18,2026-07-17,Spencer Miles,TOR,CWS,TOR,CWS,3.758557116670679,1,4.5,under,bet365,-160.0,0.6153846153846154,0.5459675346062323,-0.0694170807783831,4.0,under,0.6259675346062322,0.0826,822789,693686,4,1
2026-07-20,2026-07-19,Shota Imanaga,CHC,MIN,CHC,MIN,4.183584757640259,1,5.5,under,betrivers,-129.0,0.5633187772925764,0.6555830962074872,0.0922643189149108,,,,,824653,684007,4,1
2026-07-20,2026-07-19,Yoshinobu Yamamoto,LAD,NYY,NYY,LAD,5.853824010932105,1,6.5,under,draftkings,113.0,0.4694835680751174,0.5538325959270569,0.0843490278519395,,,,,823523,808967,7,0
2026-07-20,2026-07-19,Trey Yesavage,TOR,CWS,TOR,CWS,5.089803379123703,1,5.5,under,draftkings,124.0,0.4464285714285714,0.5284435070661664,0.0820149356375949,,,,,822786,702056,9,0
2026-07-20,2026-07-19,Germán Márquez,SD,KC,KC,SD,4.103839950369441,1,3.5,over,bet365,115.0,0.4651162790697674,0.529634018582767,0.0645177395129996,,,,,824086,608566,2,0
2026-07-20,2026-07-19,Eury Pérez,MIA,MIL,MIL,MIA,6.996878828055769,1,6.5,over,bet365,120.0,0.4545454545454545,0.5054254042641662,0.0508799497187116,,,,,823764,691587,9,1
2026-07-20,2026-07-19,Logan Gilbert,SEA,SF,SEA,SF,7.605663796559609,1,6.5,over,fanduel,-115.0,0.5348837209302325,0.5854478604096509,0.0505641394794184,,,,,823113,669302,10,1
2026-07-20,2026-07-19,Andre Pallante,STL,AZ,AZ,STL,3.838127106149004,1,3.5,over,fanduel,122.0,0.4504504504504504,0.4989076656197745,0.048457215169324,,,,,825057,669467,3,0
2026-07-20,2026-07-19,Sean Burke,CWS,TOR,TOR,CWS,6.347274267202873,1,5.5,over,draftkings,-105.0,0.5121951219512195,0.5545468035963255,0.0423516816451059,,,,,822786,680732,5,0
2026-07-20,2026-07-19,Grant Holmes,ATL,TEX,ATL,TEX,5.406350745946188,1,4.5,over,fanduel,-115.0,0.5348837209302325,0.5770995437999366,0.042215822869704,,,,,824897,656550,2,0
2026-07-20,2026-07-19,Ryan Feltner,COL,CIN,COL,CIN,4.790383545380204,1,4.5,over,betrivers,123.0,0.4484304932735426,0.4881315157055225,0.0397010224319799,,,,,824330,663372,3,0
2026-07-20,2026-07-19,Jacob Lopez,ATH,WSH,ATH,WSH,4.034522516857789,1,3.5,over,draftkings,-124.0,0.5535714285714286,0.5932450804920649,0.0396736519206363,,,,,824978,682052,6,1
2026-07-20,2026-07-19,Noah Cameron,KC,SD,KC,SD,5.022089560917729,1,4.5,over,betrivers,-120.0,0.5454545454545454,0.5813794323018154,0.03592488684727,,,,,824086,702070,1,0
2026-07-20,2026-07-19,Ryan Johnson,LAA,DET,LAA,DET,4.927134936343016,1,4.5,over,fanduel,-118.0,0.5412844036697247,0.572392380508224,0.0311079768384993,,,,,824007,696270,5,1
2026-07-20,2026-07-19,Alan Rangel,PHI,NYM,PHI,NYM,4.399625704063662,1,3.5,over,draftkings,-128.0,0.5614035087719298,0.5906222807996276,0.0292187720276978,,,,,823439,660604,4,1
2026-07-20,2026-07-19,Joey Cantillo,CLE,PIT,CLE,PIT,6.089955484879697,1,6.5,under,draftkings,-143.0,0.588477366255144,0.6127019302428225,0.0242245639876784,,,,,824411,676282,7,0
2026-07-20,2026-07-19,Sonny Gray,BOS,TB,BOS,TB,5.080512437808496,1,4.5,over,draftkings,-136.0,0.576271186440678,0.5977313156039031,0.0214601291632251,,,,,824739,543243,5,1
2026-07-20,2026-07-19,Zebby Matthews,MIN,CHC,CHC,MIN,4.683539544857844,1,4.5,over,bet365,-110.0,0.5238095238095238,0.5432843702137096,0.0194748464041857,,,,,824653,805673,4,0
2026-07-20,2026-07-19,Casey Mize,DET,LAA,LAA,DET,5.572562434600374,1,5.5,over,bet365,-110.0,0.5238095238095238,0.5397744773461973,0.0159649535366734,,,,,824007,663554,5,0
2026-07-20,2026-07-19,Hunter Greene,CIN,COL,COL,CIN,7.0644224335178505,1,6.5,over,fanduel,-138.0,0.5798319327731093,0.5945198480715581,0.0146879152984488,,,,,824330,668881,7,1
2026-07-20,2026-07-19,Cam Schlittler,NYY,LAD,NYY,LAD,6.868064460122357,1,6.5,over,fanduel,-128.0,0.5614035087719298,0.5758322962735647,0.0144287875016348,,,,,823523,693645,8,1
2026-07-20,2026-07-19,Brandon Young,BAL,HOU,HOU,BAL,4.454401083445761,1,4.5,over,draftkings,-103.0,0.5073891625615764,0.5163954897072958,0.0090063271457193,,,,,824168,687064,7,1
2026-07-20,2026-07-19,Hunter Brown,HOU,BAL,HOU,BAL,6.817013286706488,1,7.5,under,betrivers,-141.0,0.5850622406639004,0.5881436164557405,0.00308137579184,,,,,824168,686613,4,1
2026-07-20,2026-07-19,Shane McClanahan,TB,BOS,BOS,TB,5.081058601622119,1,4.5,over,draftkings,-153.0,0.6047430830039525,0.6068606436773574,0.0021175606734048,,,,,824739,663556,3,0
2026-07-20,2026-07-19,Nathan Eovaldi,TEX,ATL,ATL,TEX,5.754748557448347,1,5.5,over,bet365,-140.0,0.5833333333333334,0.5593844067721623,-0.023948926561171,,,,,824897,543135,2,0
2026-07-20,2026-07-19,Nolan McLean,NYM,PHI,PHI,NYM,5.383882487331616,1,6.5,under,betrivers,-134.0,0.5726495726495726,0.5481227189822754,-0.0245268536672972,,,,,823439,690997,10,0
2026-07-20,2026-07-19,Robert Gasser,MIL,MIA,MIL,MIA,4.566241985435091,1,4.5,over,betrivers,-129.0,0.5633187772925764,0.5326301069196376,-0.0306886703729387,,,,,823764,688107,5,1
2026-07-20,2026-07-19,Robbie Ray,SF,SEA,SEA,SF,4.6151437835856655,1,5.5,under,betrivers,-130.0,0.5652173913043478,0.5325727394104262,-0.0326446518939216,,,,,823113,592662,6,0
2026-07-20,2026-07-19,Foster Griffin,WSH,ATH,ATH,WSH,4.643218097847466,1,5.5,under,draftkings,-136.0,0.576271186440678,0.5355424276046216,-0.0407287588360564,,,,,824978,656492,2,1
2026-07-20,2026-07-19,Eduardo Rodriguez,AZ,STL,AZ,STL,3.640664631641271,1,3.5,over,draftkings,-154.0,0.6062992125984252,0.5537217570861608,-0.0525774555122644,,,,,825057,593958,3,0
2026-07-20,2026-07-19,Paul Skenes,PIT,CLE,CLE,PIT,6.265365234188304,1,6.5,over,draftkings,-158.0,0.6124031007751938,0.4952553266534322,-0.1171477741217615,,,,,824411,694973,8,1
2026-07-20,2026-07-19,Ryan Yarbrough,NYY,LAD,NYY,LAD,3.6931770382891225,0,,,,,,,,,,,,823521,642232,1,-2
2026-07-20,2026-07-19,Will Klein,LAD,NYY,NYY,LAD,1.9894002037397007,0,,,,,,,,,,,,823521,694361,1,-2
2026-07-21,2026-07-20,Kyle Leahy,STL,LAA,LAA,STL,3.33684786226376,1,4.5,under,novig,113.0,0.4694835680751174,0.6215149100728541,0.152,4.5,under,0.6216249569370058,0.0782,824006,681517,4,1
2026-07-21,2026-07-20,Tanner Bibee,CLE,MIN,CLE,MIN,3.9886094538338654,1,4.5,under,betrivers,107.0,0.4830917874396135,0.5585878801095836,0.0754960926699701,4.5,under,0.5585878801095836,0.0152,824410,676440,5,0
2026-07-21,2026-07-20,George Kirby,SEA,CIN,SEA,CIN,6.066031065995629,1,6.5,under,novig,108.0,0.4807692307692308,0.5421756981910775,0.0614064674218466,6.5,under,0.5421756981910775,-0.0012,823112,669923,6,1
2026-07-21,2026-07-20,Janson Junk,MIA,HOU,HOU,MIA,4.276133976146856,1,3.5,over,betrivers,-104.0,0.5098039215686274,0.5687721837739312,0.0589682622053038,3.5,over,0.5687721837739312,0.0254,824167,676083,3,0
2026-07-21,2026-07-20,Freddy Peralta,NYM,MIL,MIL,NYM,4.904186408612417,1,5.5,under,pinnacle,-115.0,0.5348837209302325,0.5827811046214383,0.0478973836912057,5.0,over,0.4172188953785617,-0.1262,823762,642547,6,0
2026-07-21,2026-07-20,Joe Ryan,MIN,CLE,CLE,MIN,6.275912506311517,1,6.5,under,betrivers,104.0,0.4901960784313725,0.5260442616389522,0.0358481832075797,6.5,under,0.5260442616389522,-0.0173,824410,657746,3,1
2026-07-21,2026-07-20,Ryan Weathers,NYY,PIT,NYY,PIT,6.222433094107595,1,6.5,under,novig,-104.0,0.5098039215686274,0.5428430063351222,0.0330390847664947,6.5,under,0.5428430063351222,-0.0005,823522,677960,5,1
2026-07-21,2026-07-20,Cristopher Sánchez,PHI,LAD,PHI,LAD,6.123059054548255,1,6.5,under,draftkings,-139.0,0.5815899581589958,0.6146246939451601,0.0330347357861642,6.0,over,0.42537530605484,-0.118,823436,650911,7,0
2026-07-21,2026-07-20,Michael Wacha,KC,SF,KC,SF,3.9311930500469856,1,4.5,under,draftkings,-126.0,0.5575221238938053,0.5889810552944154,0.03145893140061,4.5,under,0.5889810552944154,0.0456,824087,608379,5,0
2026-07-21,2026-07-20,Andrew Alvarez,WSH,COL,COL,WSH,4.123402820322909,1,4.5,under,fanduel,-142.0,0.5867768595041323,0.6181412351909802,0.0313643756868479,4.0,over,0.4218587648090198,-0.1215,824328,674841,2,1
2026-07-21,2026-07-20,Emmet Sheehan,LAD,PHI,PHI,LAD,5.245376102567457,1,5.5,under,betmgm,100.0,0.5,0.5303721251663256,0.0303721251663255,5.5,under,0.5303721251663256,-0.013,823436,686218,6,0
2026-07-21,2026-07-20,Jeffrey Springs,ATH,AZ,AZ,ATH,3.5498500899705268,1,3.5,over,draftkings,103.0,0.4926108374384236,0.5225192321153326,0.0299083946769089,3.5,over,0.4825192321153325,-0.0609,825058,605488,2,0
2026-07-21,2026-07-20,JP Sears,SD,ATL,ATL,SD,4.294202650150925,1,3.5,over,draftkings,-125.0,0.5555555555555556,0.5853262285405395,0.0297706729849839,4.0,over,0.4099623443999868,-0.1334,824898,676664,3,0
2026-07-21,2026-07-20,Payton Tolle,BOS,BAL,BOS,BAL,5.942897532899243,1,6.5,under,draftkings,-120.0,0.5454545454545454,0.574428910604415,0.0289743651498696,6.5,under,0.574428910604415,0.031,824736,801139,9,0
2026-07-21,2026-07-20,Jack Flaherty,DET,CHC,CHC,DET,4.937563281244625,1,5.5,under,draftkings,-128.0,0.5614035087719298,0.585722419706724,0.0243189109347942,5.5,under,0.585722419706724,0.0423,824654,656427,4,1
2026-07-21,2026-07-20,Braxton Ashcraft,PIT,NYY,NYY,PIT,6.757188670808364,1,6.5,over,betrivers,-114.0,0.5327102803738317,0.5543433832902849,0.0216331029164531,6.5,over,0.5143433832902848,-0.029,823522,677952,2,0
2026-07-21,2026-07-20,Jacob Misiorowski,MIL,NYM,MIL,NYM,8.107304498248308,1,8.5,under,betrivers,-112.0,0.5283018867924528,0.5494117468946981,0.0211098601022452,8.5,under,0.5494117468946981,0.006,823762,694819,6,1
2026-07-21,2026-07-20,Shane Baz,BAL,BOS,BOS,BAL,5.020410185954364,1,5.5,under,fanduel,-154.0,0.6062992125984252,0.6268096017271021,0.0205103891286768,5.0,over,0.4131903982728979,-0.1302,824736,669358,6,0
2026-07-21,2026-07-20,Dylan Cease,TOR,TB,TOR,TB,7.264639564567198,1,7.5,under,draftkings,-135.0,0.574468085106383,0.5930243858551669,0.0185563007487838,7.0,over,0.4469756141448331,-0.0964,822788,656302,7,1
2026-07-21,2026-07-20,José Soriano,LAA,STL,LAA,STL,5.0177971584459975,1,4.5,over,draftkings,-145.0,0.5918367346938775,0.6055298376699123,0.0136931029760347,5.0,over,0.4077004615842554,-0.1357,824006,667755,7,1
2026-07-21,2026-07-20,Erick Fedde,CWS,TEX,TEX,CWS,3.629660481977615,1,3.5,over,betrivers,116.0,0.4629629629629629,0.4746457600206884,0.0117,3.5,under,0.5441068103942405,0.0007,822874,607200,6,1
2026-07-21,2026-07-20,Kyle Freeland,COL,WSH,COL,WSH,4.062844173922211,1,4.5,under,fanduel,-138.0,0.5798319327731093,0.5866732091639866,0.0068,4.0,under,0.6203242560700457,0.0769,824328,607536,4,1
2026-07-21,2026-07-20,Mitch Bratt,AZ,ATH,AZ,ATH,3.3907724809233204,1,3.5,under,betmgm,-150.0,0.6,0.603194859975063,0.0031948599750629,3.0,over,0.4368051400249371,-0.1066,825058,683352,4,0
2026-07-21,2026-07-20,Trevor McDonald,SF,KC,KC,SF,3.457755473533562,1,3.5,under,bet365,-140.0,0.5833333333333334,0.5862325656946958,0.0028992323613624,3.0,over,0.4537674343053042,-0.0896,824087,686790,3,1
2026-07-21,2026-07-20,Bryce Elder,ATL,SD,ATL,SD,4.759329233569466,1,3.5,over,draftkings,-141.0,0.5850622406639004,0.5574015357711353,-0.0276607048927651,4.0,over,0.4660250172152794,-0.0774,824898,693821,4,1
2026-07-21,2026-07-20,Jacob deGrom,TEX,CWS,TEX,CWS,7.924548462424861,1,6.5,over,novig,-141.0,0.5850622406639004,0.5393369626724485,-0.0457252779914519,7.0,over,0.488247311725924,-0.0551,822874,594798,6,0
2026-07-21,2026-07-20,Jameson Taillon,CHC,DET,CHC,DET,4.621934377514315,1,3.5,over,betrivers,-148.0,0.5967741935483871,0.5485546963901852,-0.0482194971582019,4.0,over,0.4562014118940271,-0.0872,824654,592791,6,1
2026-07-21,2026-07-20,Andrew Abbott,CIN,SEA,SEA,CIN,4.535030982709506,1,4.5,over,novig,-147.0,0.5951417004048583,0.5420217824199139,-0.0531199179849443,5.0,under,0.6448241750971795,0.1014,823112,671096,6,1
2026-07-21,2026-07-20,Nick Martinez,TB,TOR,TOR,TB,3.122330989186396,1,3.5,under,draftkings,-173.0,0.6336996336996337,0.5719225275425238,-0.0617771061571098,3.0,over,0.3880774724574762,-0.1553,822788,607259,0,1
2026-07-22,2026-07-21,Walbert Ureña,LAA,STL,LAA,STL,5.411378072401127,1,4.5,over,betmgm,125.0,0.4444444444444444,0.5471898935682158,0.1027454491237713,4.0,over,0.5471898935682158,0.0038,824005,700712,5,1
2026-07-22,2026-07-21,Walker Buehler,SD,ATL,ATL,SD,5.229524255072757,1,3.5,over,betmgm,-140.0,0.5833333333333334,0.6790392357797145,0.0957059024463811,4.0,over,0.5140169952583986,-0.0294,824895,621111,3,0
2026-07-22,2026-07-21,Zack Wheeler,PHI,LAD,PHI,LAD,5.967601824648722,1,6.5,under,draftkings,106.0,0.4854368932038835,0.5527319849317157,0.0672950917278322,7.0,under,0.6818634477166672,0.1385,823437,554430,9,0
2026-07-22,2026-07-21,Kendry Rojas,MIN,CLE,CLE,MIN,2.7164853649957057,1,2.5,over,pinnacle,150.0,0.4,0.4650066379126428,0.065,1.5,over,0.7288839170886678,0.1855,824409,696070,2,0
2026-07-22,2026-07-21,Tatsuya Imai,HOU,MIA,HOU,MIA,4.379214498259203,1,5.5,under,draftkings,-144.0,0.5901639344262295,0.6504634219086396,0.0602994874824101,5.0,under,0.6504634219086396,0.1071,824165,837227,8,0
2026-07-22,2026-07-21,Framber Valdez,DET,CHC,CHC,DET,4.129512434047514,1,4.5,under,betmgm,100.0,0.5,0.5514455999206654,0.0514455999206654,4.5,under,0.5514455999206654,0.0081,824652,664285,1,1
2026-07-22,2026-07-21,Michael Lorenzen,COL,WSH,COL,WSH,3.6601836618260255,1,3.5,over,fanduel,102.0,0.495049504950495,0.5347710577048826,0.0397215527543876,3.5,over,0.4947710577048826,-0.0486,824329,547179,5,1
2026-07-22,2026-07-21,Kevin Gausman,TOR,TB,TOR,TB,5.377983744893961,1,5.5,under,draftkings,-126.0,0.5575221238938053,0.586087648697587,0.0285655248037817,5.0,over,0.453912351302413,-0.0895,822787,592332,1,1
2026-07-22,2026-07-21,Brandon Sproat,MIL,NYM,MIL,NYM,5.116032329858508,1,4.5,over,bet365,-140.0,0.5833333333333334,0.6107784957973229,0.0274451624639895,5.0,over,0.4130470981461277,-0.1303,823760,687075,4,0
2026-07-22,2026-07-21,Parker Messick,CLE,MIN,CLE,MIN,4.93557392836197,1,5.5,under,novig,-125.0,0.5555555555555556,0.5815359607205401,0.0259804051649845,5.5,under,0.5815359607205401,0.0382,824409,800048,6,0
2026-07-22,2026-07-21,Jack Perkins,ATH,AZ,AZ,ATH,4.395664194653249,1,4.5,under,fanduel,-125.0,0.5555555555555556,0.5775234382396897,0.021967882684134,4.5,under,0.5375234382396896,-0.0059,825056,678022,4,1
2026-07-22,2026-07-21,Luis Castillo,SEA,CIN,SEA,CIN,5.789344002642226,1,5.5,over,pinnacle,-116.0,0.5370370370370371,0.5585231915070653,0.0214861544700282,5.5,over,0.5185231915070653,-0.0249,823114,622491,3,0
2026-07-22,2026-07-21,David Peterson,CHC,DET,CHC,DET,4.452973130782014,1,4.5,under,fanduel,-132.0,0.5689655172413793,0.5842640376634987,0.0152985204221193,4.0,over,0.4557359623365014,-0.0876,824652,656849,4,1
2026-07-22,2026-07-21,Noah Schultz,CWS,TEX,TEX,CWS,4.226192676553152,1,4.5,under,novig,-120.0,0.5454545454545454,0.5595580743212638,0.0141035288667183,4.0,over,0.4404419256787362,-0.1029,822871,702273,2,1
2026-07-22,2026-07-21,Zac Thornton,NYM,MIL,MIL,NYM,3.999516254255747,1,4.5,under,draftkings,-138.0,0.5798319327731093,0.5862600190094276,0.0064280862363182,,,,,823760,804267,2,1
2026-07-22,2026-07-21,Matthew Liberatore,STL,LAA,LAA,STL,5.349427093367294,1,4.5,over,bet365,-140.0,0.5833333333333334,0.5894751102374034,0.00614177690407,5.0,over,0.4323847264551291,-0.111,824005,669461,7,1
2026-07-22,2026-07-21,Justin Wrobleski,LAD,PHI,PHI,LAD,4.450596790450814,1,5.5,under,fanduel,-118.0,0.5412844036697247,0.5463884862673781,0.0051040825976533,5.5,under,0.6263884862673781,0.083,823437,680736,7,0
2026-07-22,2026-07-21,Tyler Phillips,MIA,HOU,HOU,MIA,3.324198060921182,1,3.5,under,bet365,-120.0,0.5454545454545454,0.5504055747369438,0.0049510292823984,3.5,under,0.5504055747369438,0.007,824165,663969,2,1
2026-07-22,2026-07-21,Drew Rasmussen,TB,TOR,TOR,TB,5.016995926807603,1,4.5,over,betmgm,-115.0,0.5348837209302325,0.5363538764217297,0.0014701554914972,4.5,over,0.5363538764217297,-0.007,822787,656876,5,1
2026-07-22,2026-07-21,Luinder Avila,KC,SF,KC,SF,3.9527095959075726,1,3.5,over,novig,-141.0,0.5850622406639004,0.5555101499558802,-0.0296,3.5,over,0.5457494699895454,0.0024,824085,679883,7,1
2026-07-22,2026-07-21,Reynaldo López,ATL,SD,ATL,SD,4.630776703487553,1,4.5,under,draftkings,-149.0,0.5983935742971888,0.5603481947883384,-0.0380453795088503,4.0,over,0.4696518052116615,-0.0737,824895,625643,6,0
2026-07-22,2026-07-21,Tyler Mahle,SF,KC,KC,SF,3.8691414379492906,1,4.5,under,draftkings,-163.0,0.6197718631178707,0.5756845452259983,-0.0440873178918723,4.0,over,0.3843154547740017,-0.1591,824085,641816,4,1
2026-07-22,2026-07-21,Kumar Rocker,TEX,CWS,TEX,CWS,4.366872456284182,1,4.5,over,betmgm,-135.0,0.574468085106383,0.5218630098522259,-0.0526050752541571,5.0,under,0.6637033836773603,0.1203,822871,677958,6,1
2026-07-22,2026-07-21,Chase Burns,CIN,SEA,SEA,CIN,6.33884942440362,1,6.5,over,betrivers,-150.0,0.6,0.4999137101191181,-0.1000862898808818,7.0,under,0.6331095249856187,0.0897,823114,695505,6,0
2026-07-22,2026-07-21,Carson Palmquist,WSH,COL,COL,WSH,2.783071994509567,0,,,,,,,,1.5,over,0.7342768315553007,0.1909,824329,687223,2,-2
2026-07-23,2026-07-22,Eduardo Rivera,BOS,BAL,BOS,BAL,4.553968283904129,1,3.5,over,fanduel,102.0,0.495049504950495,0.5872759814211076,0.0922264764706125,3.5,over,0.5872759814211076,0.0439,824732,700842,1,0
2026-07-23,2026-07-22,Seth Lugo,KC,SF,KC,SF,3.459480056434636,1,4.5,under,betrivers,-125.0,0.5555555555555556,0.639266301723088,0.0837,4.5,under,0.6230794446948081,0.0797,824083,607625,5,0
2026-07-23,2026-07-22,Colin Rea,CHC,DET,CHC,DET,5.532787292199686,1,4.5,over,draftkings,102.0,0.495049504950495,0.5780703129602346,0.0830208080097395,4.5,over,0.5780703129602346,0.0347,824650,607067,5,1
2026-07-23,2026-07-22,Landen Roupp,SF,KC,KC,SF,4.093559031719128,1,5.5,under,draftkings,-148.0,0.5967741935483871,0.673157653338496,0.0764,5.0,over,0.4175376804190123,-0.1258,824083,694738,7,0
2026-07-23,2026-07-22,Gage Jump,ATH,AZ,AZ,ATH,5.186154751720132,1,4.5,over,bet365,105.0,0.4878048780487805,0.541893270826936,0.0541,4.5,over,0.5376261179604713,-0.0058,825055,695611,5,1
2026-07-23,2026-07-22,Max Fried,NYY,PIT,NYY,PIT,5.014481290793133,1,3.5,over,draftkings,-156.0,0.609375,0.6623128692046922,0.0529378692046922,4.0,over,0.4943805964453077,-0.049,823519,608331,7,1
2026-07-23,2026-07-22,Martín Pérez,ATL,SD,ATL,SD,4.05926107575958,1,3.5,over,betrivers,107.0,0.4830917874396135,0.5309784915394634,0.0479,3.5,under,0.5387685520362557,-0.0046,824896,527048,3,0
2026-07-23,2026-07-22,Michael King,SD,ATL,ATL,SD,4.794275946886001,1,4.5,over,novig,122.0,0.4504504504504504,0.4923846103213802,0.0419341598709297,4.0,over,0.4923846103213802,-0.051,824896,650633,7,1
2026-07-23,2026-07-22,Hunter Dobbins,STL,LAA,LAA,STL,4.924870279917143,1,4.5,over,fanduel,110.0,0.4761904761904761,0.5088626704650643,0.0327,4.0,over,0.5097716812361751,-0.0336,824004,690928,5,1
2026-07-23,2026-07-22,Aaron Nola,PHI,LAD,PHI,LAD,5.835849917175896,1,5.5,over,novig,113.0,0.4694835680751174,0.5017471598918465,0.0322635918167291,5.5,over,0.5017471598918465,-0.0416,823438,605400,4,0
2026-07-23,2026-07-22,Brady Singer,CIN,SEA,SEA,CIN,5.685717795496482,1,5.5,over,draftkings,124.0,0.4464285714285714,0.4777535756741816,0.0313,5.0,over,0.4211048358912613,-0.1223,823110,663903,6,1
2026-07-23,2026-07-22,Mitch Keller,PIT,NYY,NYY,PIT,4.679438154379211,1,4.5,over,betrivers,120.0,0.4545454545454545,0.4772870113101478,0.0227,4.0,over,0.4873532413440017,-0.056,823518,656605,6,1
2026-07-23,2026-07-22,Eric Lauer,LAD,PHI,PHI,LAD,3.519738362509736,1,3.5,over,novig,-100.0,0.5,0.5208297712302864,0.0208297712302863,3.5,over,0.4808297712302864,-0.0625,823438,641778,5,1
2026-07-23,2026-07-22,Emerson Hancock,SEA,CIN,SEA,CIN,5.157680666261883,1,5.5,under,fanduel,-113.0,0.5305164319248826,0.548912849328707,0.0184,5.5,under,0.6078596274076404,0.0645,823110,676106,3,1
2026-07-23,2026-07-22,Christian Scott,NYM,MIL,MIL,NYM,5.872831597109282,1,5.5,over,betmgm,100.0,0.5,0.5178488598920572,0.0178,5.5,over,0.5687120589619219,0.0253,823761,681035,6,1
2026-07-23,2026-07-22,Merrill Kelly,AZ,ATH,AZ,ATH,3.642471215922394,1,4.5,under,fanduel,-166.0,0.6240601503759399,0.6394257562507297,0.0154,4.0,under,0.6408894882629932,0.0975,825055,518876,3,1
2026-07-23,2026-07-22,Gerrit Cole,NYY,PIT,NYY,PIT,6.174570918149419,1,6.5,under,draftkings,-114.0,0.5327102803738317,0.5478266848665109,0.0151,6.5,under,0.5724981976683666,0.0291,823518,543037,11,0
2026-07-23,2026-07-22,Griffin Jax,TB,TOR,TOR,TB,4.853161233812067,1,4.5,over,bet365,100.0,0.5,0.5140212246487219,0.0140212246487219,4.5,over,0.5140212246487219,-0.0294,822784,643377,5,1
2026-07-23,2026-07-22,Anthony Kay,CWS,TEX,TEX,CWS,4.0829667785341455,1,4.5,under,bet365,-135.0,0.574468085106383,0.5868388778509559,0.0123707927445728,4.0,over,0.4131611221490441,-0.1302,822873,641743,4,1
2026-07-23,2026-07-22,Bailey Ober,MIN,CLE,CLE,MIN,3.5919008768856373,1,3.5,over,novig,-115.0,0.5348837209302325,0.5419459079497626,0.00706218701953,3.5,over,0.5019459079497626,-0.0414,824408,641927,2,0
2026-07-23,2026-07-22,Peter Lambert,HOU,MIA,HOU,MIA,4.882786602887393,1,5.5,under,fanduel,-146.0,0.5934959349593496,0.5975433166111974,0.0040473816518478,5.0,over,0.4024566833888026,-0.1409,824166,663567,3,1
2026-07-23,2026-07-22,Cade Cavalli,WSH,COL,COL,WSH,4.937482274035026,1,5.5,under,draftkings,-143.0,0.588477366255144,0.5916057477411616,0.0031,5.0,under,0.6605195510027828,0.1171,824327,676917,8,0
2026-07-23,2026-07-22,Jake Bennett,BOS,BAL,BOS,BAL,5.192322385714404,1,4.5,over,fanduel,-138.0,0.5798319327731093,0.5757884750399714,-0.004,5.0,over,0.422543653902361,-0.1208,824735,687562,4,0
2026-07-23,2026-07-22,Gabriel Hughes,COL,WSH,COL,WSH,4.095832361205965,1,4.5,under,draftkings,-143.0,0.588477366255144,0.5808802355461895,-0.0076,4.0,over,0.4070237537274438,-0.1364,824327,687312,5,0
2026-07-23,2026-07-22,Bubba Chandler,PIT,NYY,NYY,PIT,4.610259448538957,1,4.5,over,draftkings,-126.0,0.5575221238938053,0.549594861376729,-0.0079272625170763,,,,,823519,696149,5,1
2026-07-23,2026-07-22,Kyle Bradish,BAL,BOS,BOS,BAL,5.395425031740646,1,5.5,under,novig,-154.0,0.6062992125984252,0.5971852159129057,-0.0091139966855194,5.0,over,0.4428147840870943,-0.1006,824732,680694,4,1
2026-07-23,2026-07-22,Keider Montero,DET,CHC,CHC,DET,3.4197315993256843,1,3.5,over,pinnacle,-108.0,0.5192307692307693,0.4990563493751357,-0.0201744198556335,3.5,over,0.4690563493751357,-0.0743,824650,672456,8,1
2026-07-23,2026-07-22,Logan Henderson,MIL,NYM,MIL,NYM,5.848471024855362,1,5.5,over,fanduel,-122.0,0.5495495495495496,0.5254221285323759,-0.0241,5.5,over,0.4871430654760387,-0.0562,823761,701656,9,1
2026-07-23,2026-07-22,Reid Detmers,LAA,STL,LAA,STL,5.928868463136316,1,5.5,over,betrivers,-141.0,0.5850622406639004,0.5590442651844183,-0.026,6.0,over,0.4179038048136703,-0.1255,824004,672282,6,1
2026-07-23,2026-07-22,Dean Kremer,BAL,BOS,BOS,BAL,4.984074082061914,1,4.5,over,draftkings,-137.0,0.5780590717299579,0.5488640941351414,-0.0292,5.0,under,0.6056539573599354,0.0623,824735,665152,5,1
2026-07-23,2026-07-22,Slade Cecconi,CLE,MIN,CLE,MIN,3.765765635532483,1,3.5,over,betrivers,-148.0,0.5967741935483871,0.5672128193299705,-0.0295613742184166,4.0,under,0.6382559146237253,0.0949,824408,677944,5,1
2026-07-23,2026-07-22,Sandy Alcantara,MIA,HOU,HOU,MIA,4.294594986059447,1,4.5,over,novig,-147.0,0.5951417004048583,0.4912969207320489,-0.1038447796728093,5.0,under,0.6642265304166531,0.1208,824166,645261,3,0
2026-07-23,2026-07-22,Braydon Fisher,TOR,TB,TOR,TB,1.9065753976305024,0,,,,,,,,,,,,822784,680755,1,-2
2026-07-23,2026-07-22,Tyler Alexander,TEX,CWS,TEX,CWS,1.7521481569795905,0,,,,,,,,,,,,822873,641302,1,-2
2026-07-24,2026-07-23,Troy Melton,DET,KC,DET,KC,4.796415701680459,1,5.5,under,novig,127.0,0.4405286343612334,0.5585806062119953,0.1180519718507618,6.0,under,0.6967041448378961,0.1533,824247,675512,5,1
2026-07-24,2026-07-23,Brandon Pfaadt,AZ,STL,STL,AZ,2.920504586716945,1,3.5,under,novig,-113.0,0.5305164319248826,0.597339117585693,0.0668,3.5,over,0.483050343023825,-0.0603,823042,694297,1,1
2026-07-24,2026-07-23,Shane Bieber,TOR,TB,TOR,TB,3.5926046498476354,1,4.5,under,betrivers,-157.0,0.6108949416342413,0.643186506633355,0.0323,4.0,under,0.6545874749329548,0.1112,822785,669456,3,1
2026-07-24,2026-07-23,Michael McGreevy,STL,AZ,STL,AZ,3.478964759710315,1,3.5,over,fanduel,114.0,0.4672897196261682,0.4885075460060266,0.0212,3.0,over,0.4612743092538351,-0.0821,823042,700241,3,0
2026-07-24,2026-07-23,Taj Bradley,MIN,CLE,CLE,MIN,6.122330692095008,1,5.5,over,fanduel,-154.0,0.6062992125984252,0.5675607529461603,-0.0387,6.0,over,0.4379227871993395,-0.1055,824406,671737,5,0
2026-07-24,2026-07-23,Chris Sale,ATL,SD,ATL,SD,7.41161128651732,1,7.5,under,draftkings,-139.0,0.5815899581589958,0.539921091825208,-0.0417,7.0,over,0.4303655582496399,-0.113,824893,519242,11,0
2026-07-24,2026-07-23,Gavin Williams,CLE,MIN,CLE,MIN,6.886217875290763,1,6.5,over,fanduel,-140.0,0.5833333333333334,0.538277737868935,-0.0451,6.5,over,0.5489931908985376,0.0056,824406,668909,11,1
2026-07-24,2026-07-23,Kyle Hart,SD,ATL,ATL,SD,1.8832355446535427,0,,,,,,,,,,,,824893,606996,1,-2
2026-07-24,2026-07-23,Casey Legumina,TB,TOR,TOR,TB,1.5417268041230416,0,,,,,,,,,,,,822785,668984,2,-2
2026-07-25,2026-07-24,Logan Webb,SF,LAA,SF,LAA,3.988459340300075,1,5.5,under,novig,147.0,0.4048582995951417,0.5385072356282589,0.1336489360331171,6.0,under,0.7476450951571073,0.2043,823196,657277,4,1
2026-07-25,2026-07-24,Tomoyuki Sugano,COL,MIL,MIL,COL,4.072815487133706,1,3.5,over,fanduel,116.0,0.4629629629629629,0.5569301046456642,0.094,3.0,over,0.5134649669031088,-0.0299,823759,608372,5,1
2026-07-25,2026-07-24,Germán Márquez,SD,MIA,MIA,SD,3.883135725398514,1,3.5,over,pinnacle,134.0,0.4273504273504273,0.495215869274157,0.0678654419237297,3.0,over,0.495215869274157,-0.0482,823843,608566,4,1
2026-07-25,2026-07-24,Shane McClanahan,TB,CLE,TB,CLE,6.01176718504171,1,5.5,over,betmgm,125.0,0.4444444444444444,0.5052446581531667,0.0608002137087222,5.0,over,0.5052446581531667,-0.0381,822952,663556,3,0
2026-07-25,2026-07-24,Sean Manaea,NYM,LAD,NYM,LAD,4.331192388121862,1,5.5,under,fanduel,-154.0,0.6062992125984252,0.6591231196323253,0.0528239070339,5.0,under,0.6591231196323253,0.1157,823601,640455,3,1
2026-07-25,2026-07-24,Tarik Skubal,DET,KC,DET,KC,7.119815584641701,1,7.5,under,novig,104.0,0.4901960784313725,0.5381122619777381,0.0479161835463655,7.5,under,0.5381122619777381,-0.0053,824248,669373,12,0
2026-07-25,2026-07-24,Zebby Matthews,MIN,ATH,MIN,ATH,4.247291509729374,1,4.5,under,bet365,-105.0,0.5121951219512195,0.5458719151410366,0.033676793189817,4.5,under,0.5458719151410366,0.0025,823680,805673,1,1
2026-07-25,2026-07-24,MacKenzie Gore,TEX,SEA,TEX,SEA,6.060663749797418,1,6.5,under,betmgm,-140.0,0.5833333333333334,0.6152618986464715,0.0319285653131381,6.0,over,0.4247381013535285,-0.1186,822872,669022,5,1
2026-07-25,2026-07-24,Grant Holmes,ATL,BAL,BAL,ATL,5.219956819151186,1,4.5,over,pinnacle,-139.0,0.5815899581589958,0.6123605551659407,0.0307705970069448,5.0,over,0.41466568082886,-0.1287,824812,656550,5,1
2026-07-25,2026-07-24,Dustin May,STL,CIN,STL,CIN,5.8989575007665485,1,5.5,over,novig,-120.0,0.5454545454545454,0.5731265613149329,0.0276720158603874,5.5,over,0.5331265613149329,-0.0103,823031,669160,8,1
2026-07-25,2026-07-24,Jared Jones,PIT,CHC,PIT,CHC,5.456944837080018,1,5.5,under,draftkings,-120.0,0.5454545454545454,0.5722375536789355,0.02678300822439,5.5,under,0.5322375536789354,-0.0111,823352,683003,5,1
2026-07-25,2026-07-24,Spencer Arrighetti,HOU,CWS,CWS,HOU,5.30067393275541,1,5.5,under,novig,-133.0,0.5708154506437768,0.59462163460349,0.0238061839597132,5.0,over,0.4453783653965099,-0.098,824573,681293,0,1
2026-07-25,2026-07-24,Cam Schlittler,NYY,PHI,PHI,NYY,6.756083198278297,1,7.5,under,novig,-135.0,0.574468085106383,0.5966702672722468,0.0222021821658637,7.0,under,0.5966702672722468,0.0533,823434,693645,12,0
2026-07-25,2026-07-24,Davis Martin,CWS,HOU,CWS,HOU,4.645980816783377,1,4.5,over,pinnacle,117.0,0.4608294930875576,0.4793257073588485,0.0184962142712909,4.0,over,0.4793257073588485,-0.0641,824573,663436,3,0
2026-07-25,2026-07-24,Joey Cantillo,CLE,TB,TB,CLE,5.140455264657376,1,4.5,over,betrivers,-148.0,0.5967741935483871,0.6100328009582487,0.0132586074098616,5.0,over,0.4122853134417321,-0.1311,822952,676282,4,0
2026-07-25,2026-07-24,Roki Sasaki,LAD,NYM,NYM,LAD,5.237033378337862,1,5.5,under,betmgm,-150.0,0.6,0.6130148367136707,0.0130148367136707,5.0,over,0.4269851632863293,-0.1164,823601,808963,9,0
2026-07-25,2026-07-24,Jesús Luzardo,PHI,NYY,PHI,NYY,7.700143508209023,1,7.5,over,betmgm,100.0,0.5,0.5006668954841355,0.0006668954841354,7.5,over,0.5006668954841355,-0.0427,823434,666200,9,1
2026-07-25,2026-07-24,Matthew Boyd,CHC,PIT,PIT,CHC,4.507995879834852,1,5.5,under,draftkings,-124.0,0.5535714285714286,0.5417004069573508,-0.0118710216140778,5.5,under,0.6217004069573507,0.0783,823352,571510,4,1
2026-07-25,2026-07-24,Eduardo Rodriguez,AZ,WSH,WSH,AZ,3.633703226135752,1,4.5,under,bet365,-130.0,0.5652173913043478,0.5512002498144076,-0.0140171414899401,4.0,under,0.6312002498144076,0.0878,822707,593958,4,1
2026-07-25,2026-07-24,Rhett Lowder,CIN,STL,STL,CIN,3.5297647137376864,1,3.5,under,bet365,-150.0,0.6,0.574909904906748,-0.0250900950932519,3.0,over,0.455090095093252,-0.0883,823031,695076,4,0
2026-07-25,2026-07-24,Jacob Lopez,ATH,MIN,MIN,ATH,3.582454153488809,1,3.5,over,betmgm,-135.0,0.574468085106383,0.5459367491441562,-0.0285313359622267,4.0,under,0.6585472574854576,0.1152,823680,682052,4,1
2026-07-25,2026-07-24,Trevor Rogers,BAL,ATL,BAL,ATL,4.41023776849246,1,4.5,over,betmgm,-125.0,0.5555555555555556,0.5239257874247348,-0.0316297681308207,5.0,under,0.6617938603977469,0.1184,824812,669432,6,1
2026-07-25,2026-07-24,Bryce Miller,SEA,TEX,TEX,SEA,5.537286236894133,1,5.5,over,betmgm,-135.0,0.574468085106383,0.5380975905537136,-0.0363704945526693,6.0,under,0.6355179219198485,0.0921,822872,682243,0,0
2026-07-25,2026-07-24,Ryan Gusto,MIA,SD,MIA,SD,3.521893992786046,1,2.5,over,draftkings,-142.0,0.5867768595041323,0.5481092889124519,-0.0386675705916803,,,,,823843,687473,4,1
2026-07-25,2026-07-24,Patrick Sandoval,BOS,TOR,BOS,TOR,3.756058984815084,1,4.5,under,bet365,-140.0,0.5833333333333334,0.5415036779011934,-0.04182965543214,4.0,under,0.6215036779011933,0.0781,824733,663776,3,1
2026-07-25,2026-07-24,Trey Yesavage,TOR,BOS,BOS,TOR,4.6977471659477095,1,5.5,under,bet365,-135.0,0.574468085106383,0.5325682887816888,-0.0418997963246942,5.0,under,0.6125682887816888,0.0692,824733,702056,9,0
2026-07-25,2026-07-24,Grayson Rodriguez,LAA,SF,SF,LAA,3.7462985187384,1,4.5,under,betrivers,-152.0,0.6031746031746031,0.5527780502006139,-0.0503965529739892,4.0,under,0.6327780502006138,0.0894,823196,680570,3,1
2026-07-25,2026-07-24,Shane Drohan,MIL,COL,MIL,COL,5.564019205731753,1,5.5,over,bet365,-130.0,0.5652173913043478,0.5051036104204467,-0.0601,5.5,over,0.4973192818092713,-0.0461,823759,675660,6,1
2026-07-25,2026-07-24,Carson Palmquist,WSH,AZ,WSH,AZ,3.07298142442471,0,,,,,,,,1.5,over,0.7803413280060532,0.237,822707,687223,1,-2
2026-07-26,2026-07-25,Nick Martinez,TB,CLE,TB,CLE,4.830696996077478,1,3.5,over,betrivers,110.0,0.4761904761904761,0.6132033059873929,0.137,3.0,over,0.5161333520081282,-0.0272,822948,607259,5,1
2026-07-26,2026-07-25,Robbie Ray,SF,LAA,SF,LAA,4.716986016213524,1,5.5,under,draftkings,104.0,0.4901960784313725,0.5756832277800281,0.0855,6.0,under,0.7162015359195051,0.1728,823197,592662,5,1
2026-07-26,2026-07-25,Ryan Feltner,COL,MIL,MIL,COL,4.804262637560913,1,4.5,over,betmgm,140.0,0.4166666666666667,0.4816373382054087,0.064970671538742,4.0,over,0.4816373382054087,-0.0617,823758,663372,4,0
2026-07-26,2026-07-25,Casey Mize,DET,KC,DET,KC,4.781663126848866,1,5.5,under,draftkings,-111.0,0.5260663507109005,0.5897585461365022,0.0637,5.5,under,0.5611066717840238,0.0177,824244,663554,3,1
2026-07-26,2026-07-25,Nathan Eovaldi,TEX,SEA,TEX,SEA,7.31000679991232,1,5.5,over,bet365,-155.0,0.6078431372549019,0.6643831946928256,0.0565400574379236,6.0,over,0.527944846637777,-0.0154,822869,543135,8,1
2026-07-26,2026-07-25,Bryce Elder,ATL,BAL,BAL,ATL,4.181000954179781,1,4.5,under,draftkings,104.0,0.4901960784313725,0.5438401885718083,0.0536441101404357,4.5,under,0.5438401885718083,0.0005,824811,693821,8,0
2026-07-26,2026-07-25,Dylan Cease,TOR,BOS,BOS,TOR,6.972492166912414,1,7.5,under,draftkings,-102.0,0.504950495049505,0.5561154245673208,0.0512,7.5,under,0.5380924529855164,-0.0053,824734,656302,12,0
2026-07-26,2026-07-25,Yoshinobu Yamamoto,LAD,NYM,NYM,LAD,5.664424985304245,1,6.5,under,draftkings,-121.0,0.5475113122171946,0.598041077357785,0.0505297651405903,6.5,under,0.598041077357785,0.0547,823600,808967,5,1
2026-07-26,2026-07-25,Michael Wacha,KC,DET,DET,KC,4.078881527718639,1,5.5,under,fanduel,-180.0,0.6428571428571429,0.6874951224525362,0.0446,5.0,under,0.6611632486272346,0.1178,824244,608379,3,1
2026-07-26,2026-07-25,Mitch Bratt,AZ,WSH,WSH,AZ,3.141937163332498,1,3.5,under,fanduel,-113.0,0.5305164319248826,0.5716860318737349,0.0412,3.5,under,0.5486340734825234,0.0053,822704,683352,3,1
2026-07-26,2026-07-25,Sean Burke,CWS,HOU,CWS,HOU,6.911037337952131,1,5.5,over,betmgm,105.0,0.4878048780487805,0.5206223049003168,0.0328174268515363,5.5,over,0.6006223049003168,0.0572,824571,680732,10,1
2026-07-26,2026-07-25,Brandon Young,BAL,ATL,BAL,ATL,4.715727651650902,1,4.5,over,betrivers,123.0,0.4484304932735426,0.4805500818169478,0.0321195885434051,4.0,over,0.4805500818169478,-0.0628,824811,687064,6,1
2026-07-26,2026-07-25,Eury Pérez,MIA,SD,MIA,SD,6.900872520934683,1,5.5,over,bet365,-150.0,0.6,0.6293197952438319,0.0293,6.0,over,0.4808696237644405,-0.0625,823841,691587,2,0
2026-07-26,2026-07-25,Ryan Johnson,LAA,SF,SF,LAA,4.286736317429832,1,3.5,over,fanduel,-125.0,0.5555555555555556,0.5818717119495169,0.0263,3.5,over,0.537597617897297,-0.0058,823197,696270,4,1
2026-07-26,2026-07-25,Mike Paredes,MIN,ATH,MIN,ATH,3.252866862637755,1,2.5,over,pinnacle,-125.0,0.5555555555555556,0.58004499603058,0.0244894404750244,2.5,over,0.58004499603058,0.0367,823679,702474,-1,-2
2026-07-26,2026-07-25,Shota Imanaga,CHC,PIT,PIT,CHC,4.409281491518614,1,5.5,under,fanduel,-108.0,0.5192307692307693,0.5424497502841495,0.0232189810533802,5.5,under,0.6224497502841495,0.0791,823355,684007,4,1
2026-07-26,2026-07-25,Hunter Greene,CIN,STL,STL,CIN,6.110487771878086,1,6.5,under,betrivers,-118.0,0.5412844036697247,0.558375254647582,0.0170908509778572,6.5,under,0.558375254647582,0.015,823027,668881,3,1
2026-07-26,2026-07-25,Hunter Brown,HOU,CWS,CWS,HOU,5.698180650120358,1,5.5,over,pinnacle,-121.0,0.5475113122171946,0.5573060558460061,0.0097947436288114,6.0,under,0.626686335882934,0.0833,824571,686613,7,1
2026-07-26,2026-07-25,Tanner Bibee,CLE,TB,TB,CLE,4.125199996478915,1,4.5,under,bet365,-165.0,0.6226415094339622,0.6316833786684873,0.0090418692345251,4.0,over,0.4083166213315127,-0.1351,822948,676440,5,0
2026-07-26,2026-07-25,Nolan McLean,NYM,LAD,NYM,LAD,5.86375157653322,1,6.5,under,bet365,-140.0,0.5833333333333334,0.5898853191910042,0.0065519858576708,6.0,over,0.4101146808089958,-0.1333,823600,690997,7,0
2026-07-26,2026-07-25,Robert Gasser,MIL,COL,MIL,COL,5.113422357379807,1,5.5,under,draftkings,-128.0,0.5614035087719298,0.5665660748236592,0.0051625660517293,5.0,over,0.4334339251763409,-0.1099,823758,688107,4,1
2026-07-26,2026-07-25,Bryan Woo,SEA,TEX,TEX,SEA,5.501851574522078,1,5.5,over,pinnacle,-115.0,0.5348837209302325,0.5361269470493242,0.0012432261190916,6.0,under,0.6468583970740485,0.1035,822869,693433,5,0
2026-07-26,2026-07-25,Andre Pallante,STL,CIN,STL,CIN,4.1267603174677525,1,3.5,over,bet365,-165.0,0.6226415094339622,0.6225623990246548,-7.911040930741464e-05,4.0,over,0.4071022213295236,-0.1363,823027,669467,8,1
2026-07-26,2026-07-25,Sonny Gray,BOS,TOR,BOS,TOR,4.473441665204157,1,4.5,over,draftkings,-110.0,0.5238095238095238,0.4964370275017449,-0.0274,5.0,over,0.4112115052260209,-0.1322,824734,543243,3,0
2026-07-26,2026-07-25,Ryan Weathers,NYY,PHI,PHI,NYY,5.458570992652218,1,6.5,under,draftkings,-149.0,0.5983935742971888,0.5524108368236754,-0.0459827374735133,6.0,under,0.6324108368236754,0.089,823435,677960,7,0
2026-07-26,2026-07-25,Paul Skenes,PIT,CHC,PIT,CHC,6.398173065034115,1,6.5,over,fanduel,-142.0,0.5867768595041323,0.5368602614244852,-0.0499165980796471,7.0,under,0.6264666997797665,0.0831,823355,694973,11,1
2026-07-26,2026-07-25,Foster Griffin,WSH,AZ,WSH,AZ,4.432898889118038,1,4.5,over,betrivers,-125.0,0.5555555555555556,0.487919473675728,-0.0676,4.5,over,0.5126636074897409,-0.0307,822704,656492,2,0
2026-07-26,2026-07-25,Randy Vásquez,SD,MIA,MIA,SD,3.2912170392321283,0,,,,,,,,,,,,823841,681190,0,-2
2026-07-26,2026-07-25,Tim Mayza,PHI,NYY,PHI,NYY,2.465134834061626,0,,,,,,,,,,,,823435,641835,1,-2
2026-07-27,2026-07-26,Luinder Avila,KC,DET,DET,KC,4.803748073427888,1,3.5,over,betmgm,105.0,0.4878048780487805,0.6351325349895862,0.1473,4.0,over,0.5027356218309418,-0.0406,824246,679883,2,0
2026-07-27,2026-07-26,Cristopher Sánchez,PHI,NYY,PHI,NYY,5.554948529661918,1,7.5,under,bet365,-120.0,0.5454545454545454,0.6788874585390671,0.1334329130845216,7.5,under,0.6788874585390671,0.1355,823433,650911,6,1
2026-07-27,2026-07-26,Connor Prielipp,MIN,ATH,MIN,ATH,5.277056425666565,1,4.5,over,fanduel,114.0,0.4672897196261682,0.5593943917262787,0.0921,4.0,over,0.4992681490796884,-0.0441,823678,687570,5,1
2026-07-27,2026-07-26,Emmet Sheehan,LAD,NYM,NYM,LAD,5.04785913066015,1,5.5,under,draftkings,124.0,0.4464285714285714,0.535357391194822,0.0889,6.0,under,0.6733966870545633,0.13,823599,686218,5,1
2026-07-27,2026-07-26,Framber Valdez,DET,KC,DET,KC,3.9139821518358633,1,4.5,under,betrivers,112.0,0.4716981132075472,0.559076633000007,0.0874,5.0,under,0.7225944385643084,0.1792,824246,664285,4,1
2026-07-27,2026-07-26,Ronel Blanco,HOU,CWS,CWS,HOU,5.41448965729522,1,5.5,under,betmgm,115.0,0.4651162790697674,0.5303719893712262,0.0652557103014587,,,,,824572,669854,4,1
2026-07-27,2026-07-26,Parker Messick,CLE,TB,TB,CLE,4.056473498259301,1,4.5,under,fanduel,102.0,0.495049504950495,0.5511137051760315,0.0561,4.5,under,0.5418676331359411,-0.0015,822950,800048,6,0
2026-07-27,2026-07-26,Logan Gilbert,SEA,TEX,TEX,SEA,5.591506499292501,1,6.5,under,fanduel,-128.0,0.5614035087719298,0.6075100900712254,0.0461,6.5,under,0.6488665597959102,0.1055,822870,669302,4,1
2026-07-27,2026-07-26,Ranger Suarez,BOS,TOR,BOS,TOR,4.851416788845541,1,4.5,over,bet365,115.0,0.4651162790697674,0.5017827560587954,0.0367,4.0,over,0.480479456980586,-0.0629,824730,624133,6,1
2026-07-27,2026-07-26,José Soriano,LAA,SF,SF,LAA,5.296886944638304,1,5.5,under,novig,-130.0,0.5652173913043478,0.5968836887841387,0.0316662974797908,5.0,over,0.4431163112158613,-0.1003,823194,667755,5,1
2026-07-27,2026-07-26,Kevin Gausman,TOR,BOS,BOS,TOR,5.435671040179161,1,5.5,under,betmgm,100.0,0.5,0.5267922561562505,0.0268,5.0,over,0.5287571903531368,-0.0146,824730,592332,6,0
2026-07-27,2026-07-26,Carson Whisenhunt,SF,LAA,SF,LAA,3.5054602011854747,1,4.5,under,bet365,-110.0,0.5238095238095238,0.5498755493755872,0.0260660255660634,4.5,under,0.6298755493755872,0.0865,823194,687931,7,0
2026-07-27,2026-07-26,Jacob Misiorowski,MIL,COL,MIL,COL,9.264394193294743,1,8.5,over,fanduel,-106.0,0.5145631067961165,0.5403637439610066,0.0258,8.5,over,0.5597349057690276,0.0164,823755,694819,12,1
2026-07-27,2026-07-26,Kyle Freeland,COL,MIL,MIL,COL,3.832347659922615,1,4.5,under,fanduel,-142.0,0.5867768595041323,0.6087762505159601,0.022,4.0,over,0.4312488913630017,-0.1121,823755,607536,2,1
2026-07-27,2026-07-26,Freddy Peralta,NYM,LAD,NYM,LAD,4.933641381025736,1,5.5,under,draftkings,-132.0,0.5689655172413793,0.58561337847881,0.0166,5.0,over,0.4303539451651741,-0.113,823599,642547,3,1
2026-07-27,2026-07-26,Braxton Ashcraft,PIT,CHC,PIT,CHC,6.372921440771696,1,5.5,over,fanduel,-130.0,0.5652173913043478,0.5745596788856212,0.0093,6.0,over,0.4193367834009469,-0.124,823354,677952,5,0
2026-07-27,2026-07-26,Kyle Leahy,STL,CIN,STL,CIN,4.271269461321526,1,4.5,under,novig,-117.0,0.5391705069124424,0.5476515876471709,0.0085,4.5,over,0.4895045419607696,-0.0539,823028,681517,9,0
2026-07-27,2026-07-26,Erick Fedde,CWS,HOU,CWS,HOU,3.578155740639338,1,3.5,over,betrivers,114.0,0.4672897196261682,0.4744178763522134,0.0071,3.0,over,0.4479804398863597,-0.0954,824572,607200,2,0
2026-07-27,2026-07-26,Kohl Drake,AZ,WSH,WSH,AZ,3.865034390444813,1,3.5,over,betrivers,-136.0,0.576271186440678,0.582755686966961,0.006484500526283,,,,,822706,684442,1,0
2026-07-27,2026-07-26,Jameson Taillon,CHC,PIT,PIT,CHC,4.84616414220156,1,4.5,over,betrivers,-108.0,0.5192307692307693,0.5182378125598396,-0.001,4.5,under,0.6012042483635487,0.0578,823354,592791,3,0
2026-07-27,2026-07-26,Will Warren,NYY,PHI,PHI,NYY,3.576897086384197,1,4.5,under,pinnacle,-139.0,0.5815899581589958,0.5581623831053488,-0.023427575053647,4.0,under,0.6381623831053488,0.0948,823433,701542,5,0
2026-07-27,2026-07-26,Jacob deGrom,TEX,SEA,TEX,SEA,7.372863716134859,1,7.5,under,draftkings,-139.0,0.5815899581589958,0.5486096621370196,-0.033,7.0,under,0.6609021784658213,0.1175,822870,594798,4,1
2026-07-27,2026-07-26,Janson Junk,MIA,SD,MIA,SD,3.887776438904309,1,3.5,over,betrivers,-141.0,0.5850622406639004,0.5489837423554333,-0.0361,4.0,under,0.6238711478326053,0.0805,823840,676083,6,1
2026-07-27,2026-07-26,Walker Buehler,SD,MIA,MIA,SD,4.458459913253921,1,4.5,under,draftkings,-145.0,0.5918367346938775,0.5483150547064217,-0.0435,4.0,over,0.4906881061575336,-0.0527,823840,621111,7,0
2026-07-27,2026-07-26,Miles Mikolas,WSH,AZ,WSH,AZ,3.4178011351114947,1,2.5,over,draftkings,-134.0,0.5726495726495726,0.5282473869749555,-0.044402185674617,,,,,822706,571945,1,0
2026-07-27,2026-07-26,Drew Rasmussen,TB,CLE,TB,CLE,5.014978052828136,1,4.5,over,fanduel,-160.0,0.6153846153846154,0.562627976624861,-0.0528,5.0,over,0.4242196600219272,-0.1192,822950,656876,9,1
2026-07-27,2026-07-26,Reynaldo López,ATL,BAL,BAL,ATL,4.752803145024781,1,4.5,over,fanduel,-162.0,0.6183206106870229,0.53973896725079,-0.0786,5.0,under,0.646694735249099,0.1033,824810,625643,6,1
2026-07-27,2026-07-26,Shane Baz,BAL,ATL,BAL,ATL,4.794829573631911,1,4.5,over,betrivers,-175.0,0.6363636363636364,0.5460067403239542,-0.0904,5.0,over,0.424968187953758,-0.1184,824810,669358,2,0
2026-07-27,2026-07-26,Jeffrey Springs,ATH,MIN,MIN,ATH,3.450729335271752,1,3.5,over,betmgm,-155.0,0.6078431372549019,0.5061092420828245,-0.1017,4.0,under,0.6464318979092245,0.1031,823678,605488,0,0
2026-07-27,2026-07-26,Andrew Abbott,CIN,STL,STL,CIN,3.1937549646648926,1,3.5,over,betrivers,-141.0,0.5850622406639004,0.4747150905136648,-0.1103,4.0,over,0.4065478074982355,-0.1368,823028,671096,4,1
2026-07-28,2026-07-27,Tatsuya Imai,HOU,LAA,LAA,HOU,4.831385901591779,1,6.5,under,novig,-141.0,0.5850622406639004,0.6823955253801071,0.0973332847162066,6.0,under,0.6823955253801071,0.139,824001,837227,1,1
2026-07-28,2026-07-27,George Kirby,SEA,TEX,TEX,SEA,4.331335260397076,1,5.5,under,pinnacle,-129.0,0.5633187772925764,0.6429645529210619,0.0796,5.5,under,0.5270760023420185,-0.0163,822868,669923,3,1
2026-07-28,2026-07-27,Chase Burns,CIN,CLE,CIN,CLE,7.091652331946565,1,6.5,over,pinnacle,118.0,0.4587155963302752,0.5148628304955345,0.0561472341652592,6.0,over,0.5148628304955345,-0.0285,824490,695505,-1,-2
2026-07-28,2026-07-27,Payton Tolle,BOS,ATH,ATH,BOS,4.226797191588877,1,5.5,under,draftkings,-102.0,0.504950495049505,0.5498436162145827,0.0448931211650777,5.5,under,0.6298436162145826,0.0865,824977,801139,7,0
2026-07-28,2026-07-27,Merrill Kelly,AZ,PIT,PIT,AZ,4.181713872133823,1,4.5,under,bet365,-110.0,0.5238095238095238,0.5609341531268142,0.0371246293172903,4.0,over,0.4390658468731858,-0.1043,823353,518876,6,0
2026-07-28,2026-07-27,Brandon Sproat,MIL,SF,SF,MIL,5.013441358849055,1,4.5,over,draftkings,103.0,0.4926108374384236,0.5292370683772631,0.0366262309388394,4.5,over,0.5292370683772631,-0.0141,823195,687075,5,1
2026-07-28,2026-07-27,Slade Cecconi,CLE,CIN,CIN,CLE,4.347137295690184,1,4.5,under,novig,-125.0,0.5555555555555556,0.5882207353491125,0.0326651797935568,4.5,under,0.5482207353491124,0.0048,824490,677944,-1,-2
2026-07-28,2026-07-27,Kyle Bradish,BAL,DET,DET,BAL,5.758853680594265,1,5.5,over,draftkings,-108.0,0.5192307692307693,0.5472535232795089,0.0280227540487396,5.5,over,0.5072535232795089,-0.0361,824245,680694,4,0
2026-07-28,2026-07-27,Max Scherzer,TOR,WSH,WSH,TOR,3.140895904398645,1,3.5,under,novig,-160.0,0.6153846153846154,0.6396164722450878,0.0242318568604723,3.0,over,0.4003835277549122,-0.143,822705,453286,4,0
2026-07-28,2026-07-27,David Peterson,CHC,STL,STL,CHC,3.611116686224925,1,3.5,over,bet365,125.0,0.4444444444444444,0.4681833646055833,0.0237389201611388,3.0,over,0.4681833646055833,-0.0752,823025,656849,3,0
2026-07-28,2026-07-27,Zac Thornton,NYM,ATL,NYM,ATL,4.258488572644538,1,4.5,under,pinnacle,-141.0,0.5850622406639004,0.599518151446301,0.0144559107824006,4.5,under,0.559518151446301,0.0161,823597,804267,5,0
2026-07-28,2026-07-27,Walbert Ureña,LAA,HOU,LAA,HOU,4.893759536821459,1,4.5,over,betrivers,-105.0,0.5121951219512195,0.5251299382846394,0.0129348163334198,4.5,over,0.5251299382846394,-0.0182,824001,700712,5,1
2026-07-28,2026-07-27,Tyler Phillips,MIA,PHI,MIA,PHI,4.198055442484658,1,3.5,over,pinnacle,-127.0,0.5594713656387665,0.5713497596593214,0.0118783940205549,4.0,over,0.3956137208471853,-0.1478,823839,663969,5,1
2026-07-28,2026-07-27,Keider Montero,DET,BAL,DET,BAL,4.612740629686172,1,4.5,over,betmgm,-110.0,0.5238095238095238,0.5341521403524019,0.010342616542878,4.5,over,0.4941521403524018,-0.0492,824245,672456,1,0
2026-07-28,2026-07-27,Jack Perkins,ATH,BOS,ATH,BOS,5.276848007988334,1,4.5,over,betmgm,-135.0,0.574468085106383,0.5789092513429158,0.0044411662365327,5.0,over,0.4214002214559286,-0.122,824977,678022,4,0
2026-07-28,2026-07-27,Zack Wheeler,PHI,MIA,MIA,PHI,6.149370228489245,1,7.5,under,bet365,-140.0,0.5833333333333334,0.5613992093841661,-0.0219341239491672,7.0,under,0.6413992093841661,0.098,823839,554430,6,1
2026-07-28,2026-07-27,Noah Schultz,CWS,NYY,CWS,NYY,4.380048381930373,1,4.5,over,novig,-117.0,0.5391705069124424,0.5133364380804883,-0.025834068831954,4.5,over,0.4833364380804883,-0.06,824570,702273,5,1
2026-07-28,2026-07-27,Max Fried,NYY,CWS,CWS,NYY,4.437078445336853,1,5.5,under,draftkings,-149.0,0.5983935742971888,0.5635887338763613,-0.0348048404208274,5.0,under,0.6435887338763613,0.1002,824570,608331,4,1
2026-07-28,2026-07-27,Mitch Keller,PIT,AZ,PIT,AZ,3.732484586741697,1,3.5,over,bet365,-160.0,0.6153846153846154,0.5719843346497802,-0.0434002807348352,4.0,under,0.6336200742060653,0.0902,823353,656605,4,1
2026-07-28,2026-07-27,Tyler Mahle,SF,MIL,SF,MIL,4.2386575817625705,1,4.5,over,betmgm,-125.0,0.5555555555555556,0.5047985841158383,-0.0507569714397172,4.5,over,0.4747985841158383,-0.0686,823195,641816,3,0
2026-07-28,2026-07-27,Kumar Rocker,TEX,SEA,TEX,SEA,4.427968834235855,1,4.5,over,fanduel,-113.0,0.5305164319248826,0.4773711041256003,-0.0531,4.5,under,0.5602848869363479,0.0169,822868,677958,7,1
2026-07-28,2026-07-27,Martín Pérez,ATL,NYM,NYM,ATL,3.3334246357027286,1,3.5,over,fanduel,-128.0,0.5614035087719298,0.5073598785222755,-0.0540436302496543,,,,,823597,527048,4,1
2026-07-29,2026-07-28,Gavin Williams,CLE,CIN,CIN,CLE,5.745628940303338,1,7.5,under,draftkings,102.0,0.495049504950495,0.6516883438314335,0.1566388388809384,7.5,under,0.6516883438314335,0.1083,824489,668909,12,0
2026-07-29,2026-07-28,Michael King,SD,COL,SD,COL,3.553721986062423,1,5.5,under,betmgm,-125.0,0.5555555555555556,0.6614964448007609,0.1059408892452052,5.0,under,0.7114964448007609,0.1681,823275,650633,6,0
2026-07-29,2026-07-28,Logan Henderson,MIL,SF,SF,MIL,4.055368769047645,1,5.5,under,betrivers,-141.0,0.5850622406639004,0.6769119674510224,0.091849726787122,5.0,under,0.6769119674510224,0.1335,823193,701656,7,0
2026-07-29,2026-07-28,Gerrit Cole,NYY,CWS,CWS,NYY,4.534902583062209,1,6.5,under,novig,-130.0,0.5652173913043478,0.6521874250671127,0.0869700337627649,6.0,under,0.7021874250671127,0.1588,824569,543037,7,0
2026-07-29,2026-07-28,Troy Melton,DET,BAL,DET,BAL,4.951933063913001,1,5.5,under,draftkings,111.0,0.4739336492890995,0.55067353678387,0.0767,5.5,under,0.5638934062900789,0.0205,824243,675512,5,1
2026-07-29,2026-07-28,Cade Cavalli,WSH,TOR,WSH,TOR,5.028767799350188,1,4.5,over,fanduel,120.0,0.4545454545454545,0.5180409645384713,0.0634955099930167,4.0,over,0.5180409645384713,-0.0253,822703,676917,3,0
2026-07-29,2026-07-28,Griffin Jax,TB,TEX,TB,TEX,4.901552064789853,1,5.5,under,novig,-106.0,0.5145631067961165,0.5768242398357574,0.0622611330396408,5.5,under,0.5768242398357574,0.0334,822949,643377,10,0
2026-07-29,2026-07-28,Luis Castillo,SEA,LAD,LAD,SEA,3.859913512451817,1,4.5,under,bet365,-120.0,0.5454545454545454,0.6013234963789151,0.0559,4.5,under,0.5775840307527278,0.0342,823923,622491,2,1
2026-07-29,2026-07-28,Colin Rea,CHC,STL,STL,CHC,3.066625035319972,1,3.5,under,betrivers,-118.0,0.5412844036697247,0.5825467579581692,0.0412623542884444,3.5,under,0.5825467579581692,0.0392,823026,607067,2,1
2026-07-29,2026-07-28,Gage Jump,ATH,BOS,ATH,BOS,5.143316727571788,1,5.5,under,betrivers,-134.0,0.5726495726495726,0.6080715592779263,0.0354219866283537,5.0,over,0.4319284407220737,-0.1115,824976,695611,7,0
2026-07-29,2026-07-28,Chase Burns,CIN,CLE,CIN,CLE,6.706568621671142,1,6.5,over,betmgm,115.0,0.4651162790697674,0.4851884326334845,0.0201,6.0,over,0.5269056891961795,-0.0165,824490,695505,4,0
2026-07-29,2026-07-28,Landen Roupp,SF,MIL,SF,MIL,4.548474519410007,1,5.5,under,betrivers,100.0,0.5,0.520027438280238,0.020027438280238,5.5,under,0.600027438280238,0.0566,823193,694738,1,1
2026-07-29,2026-07-28,Slade Cecconi,CLE,CIN,CIN,CLE,4.207377767396068,1,4.5,under,draftkings,-112.0,0.5283018867924528,0.5481034947612913,0.0198,4.5,under,0.5320777037936806,-0.0113,824490,677944,2,1
2026-07-29,2026-07-28,Bubba Chandler,PIT,AZ,PIT,AZ,4.2809539664072656,1,3.5,over,draftkings,-164.0,0.6212121212121212,0.637155710137446,0.0159435889253247,4.0,over,0.4223322079306957,-0.121,823350,696149,3,0
2026-07-29,2026-07-28,Dean Kremer,BAL,DET,DET,BAL,4.982868661849123,1,4.5,over,betmgm,-140.0,0.5833333333333334,0.5987228033185945,0.0153894699852611,5.0,over,0.4008191120816393,-0.1426,824243,665152,4,0
2026-07-29,2026-07-28,Anthony Kay,CWS,NYY,CWS,NYY,4.699397684401744,1,4.5,over,fanduel,-120.0,0.5454545454545454,0.5516040984878677,0.0061495530333223,4.5,over,0.5116040984878677,-0.0318,824569,641743,7,1
2026-07-29,2026-07-28,Aaron Nola,PHI,MIA,MIA,PHI,5.2190085280313845,1,4.5,over,bet365,-165.0,0.6226415094339622,0.6284461728866638,0.0058046634527015,5.0,over,0.4313085210130885,-0.1121,823838,605400,4,0
2026-07-29,2026-07-28,Michael Lorenzen,COL,SD,SD,COL,3.546496250686036,1,3.5,over,betmgm,-110.0,0.5238095238095238,0.5277263972238312,0.0039168734143073,3.5,over,0.4877263972238311,-0.0557,823275,547179,2,0
2026-07-29,2026-07-28,Peter Lambert,HOU,LAA,LAA,HOU,4.57281736184803,1,5.5,under,betmgm,-115.0,0.5348837209302325,0.5328569819032403,-0.0020267390269922,,,,,824003,663567,6,0
2026-07-29,2026-07-28,Taj Bradley,MIN,KC,MIN,KC,5.620592561041032,1,6.5,under,novig,-115.0,0.5348837209302325,0.5210204794402931,-0.0138632414899394,6.5,under,0.601020479440293,0.0576,823676,671737,10,0
2026-07-29,2026-07-28,Reid Detmers,LAA,HOU,LAA,HOU,5.3966127331185545,1,6.5,under,betrivers,-137.0,0.5780590717299579,0.5495368471380943,-0.0285222245918636,6.0,under,0.6295368471380942,0.0862,824003,672282,9,0
2026-07-29,2026-07-28,Shane Bieber,TOR,WSH,WSH,TOR,3.548407800980912,1,3.5,over,pinnacle,-151.0,0.601593625498008,0.5493005915609559,-0.052293033937052,4.0,under,0.6553800268259174,0.112,822703,669456,0,0
2026-07-29,2026-07-28,Jake Bennett,BOS,ATH,ATH,BOS,3.4582333132463443,1,3.5,over,pinnacle,-141.0,0.5850622406639004,0.5324840373149078,-0.0525782033489926,4.0,under,0.6710619878452014,0.1277,824976,687562,4,1
2026-07-29,2026-07-28,Cal Quantrill,TEX,TB,TB,TEX,3.5023392971864973,1,2.5,over,novig,-153.0,0.6047430830039525,0.5500608329586881,-0.0546822500452643,3.0,over,0.4316063560493138,-0.1118,822949,615698,7,1
2026-07-29,2026-07-28,Sandy Alcantara,MIA,PHI,MIA,PHI,4.777352476657468,1,5.5,under,betmgm,-140.0,0.5833333333333334,0.5251737888662256,-0.0581595444671078,5.0,under,0.6051737888662255,0.0618,823838,645261,5,1
2026-07-29,2026-07-28,Brandon Pfaadt,AZ,PIT,PIT,AZ,3.3393589133153734,1,3.5,over,novig,-144.0,0.5901639344262295,0.5227154909094566,-0.0674484435167729,4.0,under,0.6799987038666345,0.1366,823350,694297,4,1
2026-07-29,2026-07-28,Seth Lugo,KC,MIN,MIN,KC,3.5118767751270594,1,3.5,over,draftkings,-165.0,0.6226415094339622,0.5160761471756868,-0.1065653622582754,4.0,under,0.6584163099111336,0.115,823676,607625,2,0
2026-07-30,2026-07-29,Jesús Luzardo,PHI,MIA,MIA,PHI,6.457913309213386,1,7.5,under,betmgm,120.0,0.4545454545454545,0.5990494835236913,0.1445,7.0,under,0.6293962939081774,0.086,823837,666200,5,1
2026-07-30,2026-07-29,Chris Sale,ATL,NYM,NYM,ATL,5.197224543277633,1,7.5,under,novig,-117.0,0.5391705069124424,0.6573766614328241,0.1182061545203817,,,,,823598,519242,9,0
2026-07-30,2026-07-29,Tarik Skubal,DET,BAL,DET,BAL,7.340522492892707,1,8.5,under,draftkings,101.0,0.4975124378109453,0.5998387464362798,0.1023,8.5,under,0.6098560541070082,0.0665,824242,669373,6,1
2026-07-30,2026-07-29,Cam Schlittler,NYY,CWS,CWS,NYY,5.780877003162743,1,7.5,under,fanduel,-130.0,0.5652173913043478,0.6660715436196761,0.1008541523153283,7.0,under,0.6660715436196761,0.1227,824567,693645,8,0
2026-07-30,2026-07-29,Randy Dobnak,KC,MIN,MIN,KC,3.3554533349517217,1,2.5,over,betmgm,105.0,0.4878048780487805,0.5817441023496738,0.0939392243008933,2.5,over,0.5817441023496738,0.0384,823677,677976,4,1
2026-07-30,2026-07-29,Grayson Rodriguez,LAA,HOU,LAA,HOU,3.379122972465616,1,4.5,under,novig,-135.0,0.574468085106383,0.6586229127113309,0.0841548276049478,4.0,under,0.6586229127113309,0.1152,824002,680570,6,0
2026-07-30,2026-07-29,Joe Ryan,MIN,KC,MIN,KC,5.084888226155222,1,6.5,under,betmgm,-135.0,0.574468085106383,0.6561745924856724,0.0817065073792894,6.0,under,0.6561745924856724,0.1128,823677,657746,4,1
2026-07-30,2026-07-29,Eduardo Rodriguez,AZ,PIT,PIT,AZ,4.043040242132611,1,4.5,under,draftkings,109.0,0.4784688995215311,0.549581268515199,0.0711,,,,,823351,593958,2,1
2026-07-30,2026-07-29,Ryan Gusto,MIA,PHI,MIA,PHI,4.311474588087373,1,3.5,over,bet365,-110.0,0.5238095238095238,0.577511053035014,0.0537,3.5,over,0.5555396336184463,0.0122,823837,687473,3,0
2026-07-30,2026-07-29,Zack Littell,WSH,TOR,WSH,TOR,3.638265829519806,1,2.5,over,betrivers,-141.0,0.5850622406639004,0.6369062558191125,0.0518,,,,,822702,641793,2,0
2026-07-30,2026-07-29,Brady Singer,CIN,CLE,CIN,CLE,5.257757975694191,1,4.5,over,fanduel,-102.0,0.504950495049505,0.5555878567989487,0.0506373617494437,4.5,over,0.5555878567989487,0.0122,824487,663903,3,0
2026-07-30,2026-07-29,Patrick Sandoval,BOS,ATH,ATH,BOS,3.4459238666310923,1,4.5,under,novig,102.0,0.495049504950495,0.5444315847826358,0.0493820798321407,4.5,under,0.6244315847826357,0.0811,824973,663776,7,0
2026-07-30,2026-07-29,Jacob Lopez,ATH,BOS,ATH,BOS,4.001368521733218,1,4.5,under,betrivers,-121.0,0.5475113122171946,0.5821421318171156,0.0346308195999209,4.5,under,0.5821421318171156,0.0388,824973,682052,8,0
2026-07-30,2026-07-29,Christian Scott,NYM,ATL,NYM,ATL,5.052415985127674,1,5.5,under,draftkings,-119.0,0.54337899543379,0.5723332515935496,0.0289542561597596,,,,,823598,681035,7,0
2026-07-30,2026-07-29,Emerson Hancock,SEA,LAD,LAD,SEA,3.967207385135776,1,4.5,under,novig,-133.0,0.5708154506437768,0.5973023185243637,0.0264868678805868,4.0,over,0.4026976814756363,-0.1407,823924,676106,5,0
2026-07-30,2026-07-29,MacKenzie Gore,TEX,TB,TB,TEX,5.1416348188904335,1,5.5,under,draftkings,-144.0,0.5901639344262295,0.6145494426877067,0.0243855082614772,5.0,over,0.4254505573122933,-0.1179,822947,669022,9,0
2026-07-30,2026-07-29,Gabriel Hughes,COL,SD,SD,COL,4.1357832743385385,1,4.5,under,pinnacle,-125.0,0.5555555555555556,0.5723397976741171,0.0167842421185615,4.0,over,0.4276602023258828,-0.1157,823273,687312,2,1
2026-07-30,2026-07-29,Matthew Boyd,CHC,STL,STL,CHC,3.459202376565924,1,4.5,under,draftkings,-126.0,0.5575221238938053,0.5569275855766106,-0.0005945383171946,4.5,under,0.6369275855766106,0.0935,823022,571510,5,0
2026-07-30,2026-07-29,Trey Yesavage,TOR,WSH,WSH,TOR,5.352189161562221,1,5.5,under,betrivers,-121.0,0.5475113122171946,0.5401691515468081,-0.0073,5.5,under,0.5863114981674638,0.0429,822702,702056,4,1
2026-07-30,2026-07-29,Logan Webb,SF,MIL,SF,MIL,4.560428950527111,1,5.5,under,novig,-122.0,0.5495495495495496,0.5399279326329048,-0.0096216169166447,5.0,under,0.6199279326329048,0.0765,823192,657277,4,1
2026-07-30,2026-07-29,Jared Jones,PIT,AZ,PIT,AZ,5.252219032576015,1,4.5,over,draftkings,-159.0,0.6138996138996139,0.5839125071336504,-0.03,5.0,over,0.4294149086593847,-0.114,823351,683003,5,1
2026-07-30,2026-07-29,Joey Cantillo,CLE,CIN,CIN,CLE,5.692913121229796,1,6.5,under,novig,-138.0,0.5798319327731093,0.5308965055677224,-0.0489354272053869,6.0,under,0.6108965055677223,0.0675,824487,676282,8,0
2026-07-30,2026-07-29,Davis Martin,CWS,NYY,CWS,NYY,4.30977247577491,1,4.5,over,novig,-130.0,0.5652173913043478,0.5145431968992358,-0.050674194405112,5.0,under,0.6704386128958174,0.1271,824567,663436,6,1
2026-07-30,2026-07-29,Eric Lauer,LAD,SEA,LAD,SEA,3.71905025948533,1,4.5,under,pinnacle,-159.0,0.6138996138996139,0.552175359423969,-0.0617242544756448,4.0,under,0.632175359423969,0.0888,823924,641778,4,1
2026-07-30,2026-07-29,Dustin May,STL,CHC,STL,CHC,5.5165261234480045,1,4.5,over,betrivers,-159.0,0.6138996138996139,0.536574763597053,-0.0773248503025608,5.0,over,0.4612444582934549,-0.0821,823022,669160,3,0
2026-07-30,2026-07-29,Trevor Rogers,BAL,DET,DET,BAL,4.394200565996424,1,4.5,over,bet365,-130.0,0.5652173913043478,0.4865145126372853,-0.0787,5.0,under,0.6117568752984752,0.0684,824242,669432,6,1
2026-07-30,2026-07-29,Sean Manaea,NYM,ATL,NYM,ATL,4.533950419902175,1,4.5,over,fanduel,-148.0,0.5967741935483871,0.5142547988239883,-0.0825,5.0,under,0.6219709604170598,0.0786,823596,640455,4,0
2026-07-30,2026-07-29,Kyle Hart,SD,COL,SD,COL,2.1215718645760786,0,,,,,,,,,,,,823273,606996,3,-2
2026-07-30,2026-07-29,Casey Legumina,TB,TEX,TB,TEX,1.5787506970282617,0,,,,,,,,,,,,822947,668984,0,-2
2026-07-31,2026-07-30,Sonny Gray,BOS,ATH,ATH,BOS,3.973903833815613,1,4.5,under,betmgm,120.0,0.4545454545454545,0.5561542688702328,0.1016088143247782,,,,,824974,543243,5,0
2026-07-31,2026-07-30,Roki Sasaki,LAD,SEA,LAD,SEA,4.651173412437533,1,5.5,under,novig,102.0,0.495049504950495,0.5941511739501916,0.0991016689996965,5.5,under,0.5941511739501916,0.0508,823921,808963,7,0
2026-07-31,2026-07-30,Rhett Lowder,CIN,PIT,CIN,PIT,3.950227387351663,1,4.5,under,fanduel,114.0,0.4672897196261682,0.556952113549477,0.0896623939233088,5.0,under,0.7074320954500034,0.1641,824488,695076,5,0
2026-07-31,2026-07-30,Ryan Weathers,NYY,CWS,CWS,NYY,4.969203342786643,1,6.5,under,betmgm,-140.0,0.5833333333333334,0.6705207232501318,0.0872,6.0,under,0.6342917436670288,0.0909,824568,677960,4,1
2026-07-31,2026-07-30,Andre Pallante,STL,CHC,STL,CHC,3.493126477758413,1,4.5,under,betmgm,-135.0,0.574468085106383,0.6515958802466215,0.0771,4.0,over,0.4017177250573934,-0.1417,823023,669467,3,1
2026-07-31,2026-07-30,Javier Assad,CHC,STL,STL,CHC,3.327555442059685,1,2.5,over,fanduel,-115.0,0.5348837209302325,0.5897231877508028,0.0548,2.5,over,0.6010124199083414,0.0576,823023,665871,6,1
2026-07-31,2026-07-30,Jake Irvin,WSH,ATL,ATL,WSH,4.393499015046159,1,3.5,over,bet365,-120.0,0.5454545454545454,0.5892153508082258,0.0437608053536804,4.0,over,0.4140061014532099,-0.1294,824894,663623,1,0
2026-07-31,2026-07-30,Grant Holmes,ATL,WSH,ATL,WSH,4.186158423835153,1,4.5,under,betrivers,-137.0,0.5780590717299579,0.6110464284910881,0.0329873567611302,4.0,over,0.4289535715089119,-0.1144,824894,656550,4,1
2026-07-31,2026-07-30,JP Sears,SD,SF,SD,SF,3.4129594392931035,1,3.5,under,draftkings,-105.0,0.5121951219512195,0.5342381915916822,0.0220430696404626,3.5,under,0.5342381915916822,-0.0091,823271,676664,2,1
2026-07-31,2026-07-30,Sean Burke,CWS,NYY,CWS,NYY,7.845172790073061,1,7.5,over,bet365,105.0,0.4878048780487805,0.5009264396161172,0.0131,7.0,over,0.5006505274850103,-0.0427,824568,680732,10,1
2026-07-31,2026-07-30,Nolan McLean,NYM,MIA,NYM,MIA,5.442996411746488,1,6.5,under,betmgm,-120.0,0.5454545454545454,0.5337639277984654,-0.01169061765608,6.5,under,0.6137639277984653,0.0704,823595,690997,6,1
2026-07-31,2026-07-30,Eury Pérez,MIA,NYM,NYM,MIA,5.701922399916238,1,5.5,over,betrivers,-137.0,0.5780590717299579,0.5495731477423338,-0.028485923987624,6.0,under,0.6244975428062681,0.0811,823595,691587,6,1
2026-07-31,2026-07-30,Bryan Woo,SEA,LAD,LAD,SEA,4.5936704469113465,1,5.5,under,pinnacle,-151.0,0.601593625498008,0.5492839123234818,-0.0523097131745261,5.0,under,0.6292839123234818,0.0859,823921,693433,8,0
2026-07-31,2026-07-30,Noah Cameron,KC,MIN,MIN,KC,4.470546352900104,1,4.5,over,bet365,-120.0,0.5454545454545454,0.489572118529281,-0.0559,4.5,over,0.5483612858268436,0.005,823674,702070,7,1
2026-07-31,2026-07-30,Bailey Ober,MIN,KC,MIN,KC,3.855973984431884,1,3.5,over,betrivers,-159.0,0.6138996138996139,0.5526879483720399,-0.0612,4.0,over,0.3964082664137068,-0.147,823674,641927,3,0
2026-07-31,2026-07-30,Shane McClanahan,TB,TEX,TB,TEX,4.4303696686049685,1,4.5,over,betmgm,-135.0,0.574468085106383,0.5003551878991918,-0.0741,5.0,over,0.4290730216183721,-0.1143,822946,663556,3,0
2026-08-01,2026-07-31,Paul Skenes,PIT,CIN,CIN,PIT,6.201607857980011,1,7.5,under,novig,127.0,0.4405286343612334,0.5912037180402894,0.1506750836790559,8.0,under,0.7082456502040897,0.1649,824486,694973,7,1
2026-08-01,2026-07-31,Shota Imanaga,CHC,NYY,CHC,NYY,4.70082484218035,1,5.5,under,draftkings,118.0,0.4587155963302752,0.5698651981958811,0.1111,5.5,over,0.5208224581977328,-0.0226,824651,684007,6,0
2026-08-01,2026-07-31,Brandon Young,BAL,PHI,BAL,PHI,4.077496752773934,1,4.5,under,novig,125.0,0.4444444444444444,0.5369890088508708,0.0925445644064263,5.0,under,0.6898853008343346,0.1465,824809,687064,5,0
2026-08-01,2026-07-31,Nathan Eovaldi,TEX,HOU,HOU,TEX,4.975655738508388,1,6.5,under,novig,-144.0,0.5901639344262295,0.6690340093710416,0.0788700749448121,6.0,under,0.6690340093710416,0.1257,824164,543135,5,1
2026-08-01,2026-07-31,Shane Drohan,MIL,LAA,LAA,MIL,4.235683067817655,1,5.5,under,betrivers,117.0,0.4608294930875576,0.5333952171600786,0.072565724072521,6.0,under,0.7434476030930136,0.2001,823999,675660,7,0
2026-08-01,2026-07-31,Hunter Brown,HOU,TEX,HOU,TEX,5.030473606974259,1,6.5,under,draftkings,-147.0,0.5951417004048583,0.6662889623601659,0.0711472619553076,6.0,under,0.6662889623601659,0.1229,824164,686613,5,1
2026-08-01,2026-07-31,Mitch Bratt,AZ,CLE,CLE,AZ,3.1534181951622164,1,3.5,under,draftkings,107.0,0.4830917874396135,0.5521541372044877,0.0690623497648741,3.5,under,0.5521541372044877,0.0088,824407,683352,2,1
2026-08-01,2026-07-31,Will Warren,NYY,CHC,CHC,NYY,3.846349081916307,1,4.5,under,betrivers,-108.0,0.5192307692307693,0.586301180309662,0.0671,4.5,under,0.5768247080383679,0.0334,824651,701542,7,0
2026-08-01,2026-07-31,Michael Wacha,KC,COL,COL,KC,3.4756717603926552,1,4.5,under,draftkings,100.0,0.5,0.5468712287612583,0.0468712287612582,4.5,under,0.6268712287612582,0.0835,824325,608379,7,0
2026-08-01,2026-07-31,Jeffrey Springs,ATH,DET,ATH,DET,3.4587087994234604,1,4.5,under,draftkings,-155.0,0.6078431372549019,0.6541041204606203,0.0462609832057183,4.0,under,0.6541041204606203,0.1107,824975,605488,2,1
2026-08-01,2026-07-31,Bryce Miller,SEA,MIN,SEA,MIN,5.175728058756758,1,5.5,under,novig,-102.0,0.504950495049505,0.5465556966710923,0.0416052016215873,5.5,under,0.5465556966710923,0.0032,823111,682243,3,1
2026-08-01,2026-07-31,Zebby Matthews,MIN,SEA,SEA,MIN,4.893909462008302,1,4.5,over,novig,-115.0,0.5348837209302325,0.5715883621986844,0.0367046412684518,4.5,over,0.5315883621986843,-0.0118,823111,805673,10,1
2026-08-01,2026-07-31,Nick Martinez,TB,CWS,TB,CWS,4.379221900707894,1,4.5,under,novig,-127.0,0.5594713656387665,0.5892234731985717,0.0297521075598051,4.0,over,0.4507765268014283,-0.0926,822945,607259,2,1
2026-08-01,2026-07-31,Erick Fedde,CWS,TB,TB,CWS,3.6442589517645616,1,3.5,over,betrivers,125.0,0.4444444444444444,0.4692513016656928,0.0248068572212484,3.0,over,0.4692513016656928,-0.0741,822945,607200,6,1
2026-08-01,2026-07-31,Tomoyuki Sugano,COL,KC,COL,KC,3.146588640847123,1,3.5,under,draftkings,-125.0,0.5555555555555556,0.5783692165732316,0.0228,3.5,under,0.5796169322026308,0.0362,824325,608372,2,1
2026-08-01,2026-07-31,Bryce Elder,ATL,WSH,ATL,WSH,4.083732795574145,1,4.5,under,novig,-130.0,0.5652173913043478,0.582195063381971,0.0169776720776232,4.0,over,0.417804936618029,-0.1256,824892,693821,3,1
2026-08-01,2026-07-31,Dylan Cease,TOR,STL,TOR,STL,7.780942879046094,1,7.5,over,pinnacle,-125.0,0.5555555555555556,0.5603862306213763,0.0048306750658206,7.5,over,0.5203862306213762,-0.023,822782,656302,7,0
2026-08-01,2026-07-31,Tanner Bibee,CLE,AZ,CLE,AZ,3.6653621427039655,1,4.5,under,draftkings,-115.0,0.5348837209302325,0.5322600125253807,-0.0026237084048518,4.5,under,0.6122600125253806,0.0689,824407,676440,3,1
2026-08-01,2026-07-31,Ryan Johnson,LAA,MIL,LAA,MIL,4.433518436270067,1,4.5,under,bet365,-150.0,0.6,0.5920978666671065,-0.0079021333328934,4.0,over,0.4479021333328935,-0.0955,823999,696270,3,1
2026-08-01,2026-07-31,Hunter Greene,CIN,PIT,CIN,PIT,6.495670671411587,1,7.5,under,novig,-125.0,0.5555555555555556,0.5326343535363497,-0.0229212020192058,7.0,under,0.6126343535363497,0.0693,824486,668881,4,1
2026-08-01,2026-07-31,Ranger Suarez,BOS,LAD,LAD,BOS,4.462539539905481,1,4.5,over,betrivers,-124.0,0.5535714285714286,0.5192178934711807,-0.0343535351002478,4.5,over,0.4892178934711807,-0.0542,823922,624133,2,0
2026-08-01,2026-07-31,Foster Griffin,WSH,ATL,ATL,WSH,4.681703830106482,1,4.5,over,bet365,-150.0,0.6,0.5580450834540046,-0.0419549165459953,5.0,under,0.6294676667139459,0.0861,824892,656492,3,0
2026-08-01,2026-07-31,Kyle Leahy,STL,TOR,TOR,STL,3.642915047677296,1,3.5,over,fanduel,-148.0,0.5967741935483871,0.5537459675392219,-0.0430282260091652,4.0,under,0.6511710209285273,0.1078,822782,681517,3,0
2026-08-01,2026-07-31,Janson Junk,MIA,NYM,NYM,MIA,3.61644253394836,1,3.5,over,bet365,-150.0,0.6,0.5541835592512945,-0.0458164407487055,4.0,under,0.6507552487127151,0.1074,823593,676083,4,1
2026-08-01,2026-07-31,Carson Whisenhunt,SF,SD,SD,SF,3.387105209486014,1,3.5,over,betmgm,-140.0,0.5833333333333334,0.5207149716043555,-0.0626183617289778,4.0,under,0.6818133543455738,0.1384,823272,687931,3,0
2026-08-01,2026-07-31,Bradgley Rodriguez,SD,SF,SD,SF,1.4155725679708118,0,,,,,,,,,,,,823272,699134,2,-2
2026-08-02,2026-08-01,David Peterson,CHC,NYY,CHC,NYY,4.046292491769594,1,4.5,under,novig,125.0,0.4444444444444444,0.5395887359585363,0.0951442915140918,5.0,under,0.692196542385521,0.1488,824649,656849,8,0
2026-08-02,2026-08-01,Robert Gasser,MIL,LAA,LAA,MIL,4.066580533509936,1,4.5,under,betrivers,120.0,0.4545454545454545,0.5354615817286608,0.0809161271832062,5.0,under,0.6885236977176068,0.1451,824000,688107,6,0
2026-08-02,2026-08-01,José Soriano,LAA,MIL,LAA,MIL,4.918112554454565,1,5.5,under,betmgm,100.0,0.5,0.5675910097682557,0.0675910097682557,5.5,under,0.5675910097682557,0.0242,824000,667755,-1,-2
2026-08-02,2026-08-01,Jacob deGrom,TEX,HOU,HOU,TEX,5.759909638706909,1,6.5,under,novig,-108.0,0.5192307692307693,0.5822058601493985,0.0629750909186291,6.5,under,0.5822058601493985,0.0388,824162,594798,3,1
2026-08-02,2026-08-01,Framber Valdez,DET,ATH,ATH,DET,3.4339097356667563,1,4.5,under,draftkings,113.0,0.4694835680751174,0.5322985822131877,0.0628150141380703,4.5,under,0.6122985822131877,0.0689,824972,664285,6,0
2026-08-02,2026-08-01,Andrew Abbott,CIN,PIT,CIN,PIT,4.301135448303121,1,5.5,under,draftkings,-148.0,0.5967741935483871,0.6549615048223913,0.0581873112740042,5.0,under,0.6549615048223913,0.1116,824485,671096,1,1
2026-08-02,2026-08-01,Braxton Ashcraft,PIT,CIN,CIN,PIT,5.3121027000937895,1,6.5,under,novig,108.0,0.4807692307692308,0.5285697183581061,0.0478004875888752,6.5,under,0.608569718358106,0.0652,824485,677952,5,1
2026-08-02,2026-08-01,Logan Gilbert,SEA,MIN,SEA,MIN,6.830366916462722,1,6.5,over,betrivers,118.0,0.4587155963302752,0.4961902136176161,0.0374746172873408,,,,,823109,669302,6,0
2026-08-02,2026-08-01,Yoshinobu Yamamoto,LAD,BOS,LAD,BOS,5.074540975486482,1,6.5,under,betmgm,-115.0,0.5348837209302325,0.5615472167534082,0.0266634958231757,6.5,under,0.6415472167534082,0.0982,823920,808967,3,1
2026-08-02,2026-08-01,Walker Buehler,SD,SF,SD,SF,4.098007249371809,1,4.5,under,betrivers,-150.0,0.6,0.6264072709434256,0.0264072709434256,4.0,over,0.4135927290565744,-0.1298,823269,621111,1,1
2026-08-02,2026-08-01,Miles Mikolas,WSH,ATL,ATL,WSH,3.539200626790735,1,2.5,over,fanduel,-100.0,0.5,0.5260452992595399,0.0260452992595399,,,,,824890,571945,3,1
2026-08-02,2026-08-01,Drew Rasmussen,TB,CWS,TB,CWS,5.917755899920178,1,5.5,over,betmgm,-125.0,0.5555555555555556,0.5813736585819296,0.0258181030263739,6.0,under,0.603154708236361,0.0598,822944,656876,10,1
2026-08-02,2026-08-01,Kohl Drake,AZ,CLE,CLE,AZ,3.637315750214495,1,3.5,over,novig,-108.0,0.5192307692307693,0.5447823612942283,0.025551592063459,3.5,over,0.5047823612942283,-0.0386,824405,684442,6,1
2026-08-02,2026-08-01,Jack Perkins,ATH,DET,ATH,DET,5.200815581555139,1,4.5,over,bet365,-120.0,0.5454545454545454,0.5654551651443273,0.0200006196897818,4.5,over,0.5654551651443273,0.0221,824972,678022,9,1
2026-08-02,2026-08-01,Tyler Phillips,MIA,NYM,NYM,MIA,3.671223266958018,1,3.5,over,novig,113.0,0.4694835680751174,0.4882729482487052,0.0188,3.5,under,0.571718640919548,0.0283,823594,663969,3,0
2026-08-02,2026-08-01,Connor Prielipp,MIN,SEA,SEA,MIN,5.8039290142519535,1,5.5,over,novig,-125.0,0.5555555555555556,0.5688948909185861,0.0133393353630305,5.5,over,0.5288948909185861,-0.0145,823109,687570,5,0
2026-08-02,2026-08-01,Luinder Avila,KC,COL,COL,KC,3.887018599238366,1,3.5,over,bet365,-140.0,0.5833333333333334,0.5902149275493309,0.0068815942159975,4.0,under,0.625549138237098,0.0822,824326,679883,2,0
2026-08-02,2026-08-01,Ronel Blanco,HOU,TEX,HOU,TEX,5.238292118301663,1,5.5,under,novig,-125.0,0.5555555555555556,0.5600698917954086,0.0045143362398529,5.0,over,0.4399301082045914,-0.1034,824162,669854,4,1
2026-08-02,2026-08-01,Reynaldo López,ATL,WSH,ATL,WSH,4.378157548809312,1,4.5,under,novig,-117.0,0.5391705069124424,0.5418907606259961,0.0027202537135536,4.0,over,0.4581092393740039,-0.0853,824890,625643,-1,-2
2026-08-02,2026-08-01,Zac Thornton,NYM,MIA,NYM,MIA,4.262259728805841,1,4.5,under,draftkings,-164.0,0.6212121212121212,0.612994201165951,-0.0082179200461701,4.0,over,0.427005798834049,-0.1164,823594,804267,2,1
2026-08-02,2026-08-01,Shane Baz,BAL,PHI,BAL,PHI,4.6521602590837015,1,5.5,under,draftkings,-121.0,0.5475113122171946,0.5300618697820801,-0.0174494424351144,5.0,under,0.6100618697820801,0.0667,824808,669358,4,1
2026-08-02,2026-08-01,Kevin Gausman,TOR,STL,TOR,STL,5.367572881755612,1,5.5,under,bet365,-130.0,0.5652173913043478,0.5441732972500024,-0.021,5.0,over,0.3978687229843498,-0.1455,822781,592332,4,1
2026-08-02,2026-08-01,Cristopher Sánchez,PHI,BAL,BAL,PHI,6.436792503893105,1,7.5,under,betmgm,-135.0,0.574468085106383,0.5403390097133499,-0.0341290753930331,7.0,under,0.6203390097133499,0.077,824808,650911,11,0
2026-08-02,2026-08-01,Payton Tolle,BOS,LAD,LAD,BOS,4.414950430777241,1,5.5,under,draftkings,-152.0,0.6031746031746031,0.5671314550197566,-0.0360431481548465,5.0,under,0.6471314550197566,0.1038,823920,801139,7,0
2026-08-02,2026-08-01,Tyler Mahle,SF,SD,SD,SF,3.6330375026625967,1,3.5,over,draftkings,-147.0,0.5951417004048583,0.5528118344296781,-0.0423298659751801,4.0,under,0.6520577060503568,0.1087,823269,641816,9,1
2026-08-02,2026-08-01,Ryan Feltner,COL,KC,COL,KC,3.340577751605948,1,3.5,over,fanduel,-142.0,0.5867768595041323,0.5202242795186016,-0.0665525799855306,4.0,under,0.6822576535080035,0.1389,824326,663372,3,0
2026-08-02,2026-08-01,Parker Messick,CLE,AZ,CLE,AZ,4.3664207086665785,1,4.5,over,betmgm,-155.0,0.6078431372549019,0.5029968228174148,-0.1048463144374871,5.0,under,0.6533365233128087,0.11,824405,800048,6,1
2026-08-02,2026-08-01,Max Fried,NYY,CHC,CHC,NYY,4.247899275733314,1,4.5,over,betrivers,-159.0,0.6138996138996139,0.4852830545215585,-0.1286165593780553,5.0,under,0.6697607252489144,0.1264,824649,608331,7,1
2026-08-03,2026-08-02,Zack Wheeler,PHI,BAL,BAL,PHI,5.439752307141855,1,7.5,under,draftkings,-104.0,0.5098039215686274,0.6746666424905462,0.1649,7.5,under,0.5800325959863923,0.0367,824807,554430,-1,-2
2026-08-03,2026-08-02,Mitch Keller,PIT,CIN,CIN,PIT,3.791745476239599,1,4.5,under,bet365,110.0,0.4761904761904761,0.5760145407779922,0.0998,4.5,over,0.4732914359479891,-0.0701,824483,656605,2,1
2026-08-03,2026-08-02,Emmet Sheehan,LAD,BOS,LAD,BOS,4.823852577664814,1,5.5,under,novig,115.0,0.4651162790697674,0.5640283357345643,0.0989120566647969,5.5,under,0.5640283357345643,0.0206,823919,686218,4,1
2026-08-03,2026-08-02,Gerrit Cole,NYY,CHC,CHC,NYY,5.312493584654022,1,6.5,under,draftkings,-121.0,0.5475113122171946,0.6343900461117477,0.0869,6.0,under,0.6254026906421402,0.082,824648,543037,5,1
2026-08-03,2026-08-02,JR Ritchie,ATL,WSH,ATL,WSH,5.102292013135796,1,3.5,over,fanduel,-152.0,0.6031746031746031,0.6684961431809461,0.0653,4.0,over,0.3844068863233016,-0.159,824891,702275,4,1
2026-08-03,2026-08-02,Kyle Bradish,BAL,PHI,BAL,PHI,4.657779874601824,1,5.5,under,draftkings,-118.0,0.5412844036697247,0.599185090142163,0.0579,5.5,over,0.4971861232580435,-0.0462,824807,680694,-1,-2
2026-08-03,2026-08-02,Seth Lugo,KC,COL,COL,KC,3.6139777144200016,1,4.5,under,novig,-156.0,0.609375,0.6486076291028706,0.0392,4.0,under,0.6486076291028706,0.1052,824323,607625,3,1
2026-08-03,2026-08-02,Keider Montero,DET,ATH,ATH,DET,3.745800965392105,1,3.5,over,betmgm,120.0,0.4545454545454545,0.4872285355343976,0.032683080988943,3.0,over,0.4872285355343976,-0.0562,824971,672456,2,0
2026-08-03,2026-08-02,Gage Jump,ATH,DET,ATH,DET,5.8977903648104775,1,5.5,over,betmgm,105.0,0.4878048780487805,0.5183395438702505,0.03053466582147,5.5,over,0.5183395438702505,-0.025,824971,695611,5,0
2026-08-03,2026-08-02,Taj Bradley,MIN,SEA,SEA,MIN,6.236977445483998,1,6.5,under,betmgm,-105.0,0.5121951219512195,0.5406888296522642,0.0284937077010446,6.5,under,0.5406888296522642,-0.0027,823107,671737,2,1
2026-08-03,2026-08-02,Peter Lambert,HOU,TEX,HOU,TEX,6.036249889465059,1,5.5,over,novig,-106.0,0.5145631067961165,0.5379205622845099,0.0234,5.5,under,0.5856471087125275,0.0423,824163,663567,8,1
2026-08-03,2026-08-02,Jake Bennett,BOS,LAD,LAD,BOS,3.621661777404369,1,3.5,over,draftkings,-112.0,0.5283018867924528,0.5370818496146761,0.0087799628222232,3.5,over,0.497081849614676,-0.0463,823919,687562,4,1
2026-08-03,2026-08-02,George Kirby,SEA,MIN,SEA,MIN,5.689926751470007,1,5.5,over,pinnacle,103.0,0.4926108374384236,0.4966844060437491,0.0040735686053254,5.5,over,0.4966844060437491,-0.0467,823107,669923,3,0
2026-08-03,2026-08-02,Chase Burns,CIN,PIT,CIN,PIT,7.04249000498946,1,6.5,over,bet365,-115.0,0.5348837209302325,0.5380947305825007,0.0032,6.5,over,0.627991420823448,0.0846,824483,695505,9,1
2026-08-03,2026-08-02,Jacob Misiorowski,MIL,LAA,LAA,MIL,7.938725626708853,1,9.5,under,draftkings,-132.0,0.5689655172413793,0.5644271885887523,-0.004538328652627,9.0,under,0.6444271885887523,0.101,823996,694819,10,0
2026-08-03,2026-08-02,Anthony Kay,CWS,TB,TB,CWS,4.107087596348418,1,4.5,under,betrivers,-150.0,0.6,0.5885168202605324,-0.0115,4.0,over,0.4462981308335733,-0.0971,822943,641743,3,1
2026-08-03,2026-08-02,Sandy Alcantara,MIA,NYM,NYM,MIA,4.998048089690067,1,4.5,over,bet365,-135.0,0.574468085106383,0.5504746171849658,-0.024,5.0,over,0.3977250310508613,-0.1457,823592,645261,5,1
2026-08-03,2026-08-02,Walbert Ureña,LAA,MIL,LAA,MIL,5.890674568949836,1,4.5,over,betrivers,-137.0,0.5780590717299579,0.5531309715720192,-0.0249281001579386,5.0,over,0.4793772293231636,-0.064,823996,700712,7,1
2026-08-03,2026-08-02,Kyle Freeland,COL,KC,COL,KC,4.3089402362839095,1,4.5,under,betmgm,-145.0,0.5918367346938775,0.5646381955716921,-0.0272,4.0,over,0.4353618044283078,-0.108,824323,607536,8,0
2026-08-03,2026-08-02,Cade Cavalli,WSH,ATL,ATL,WSH,5.169909284816857,1,4.5,over,fanduel,-158.0,0.6124031007751938,0.5821937159026213,-0.0302,5.0,over,0.4932305051405999,-0.0501,824891,676917,3,0
2026-08-03,2026-08-02,Gavin Williams,CLE,AZ,CLE,AZ,6.909218044258831,1,6.5,over,fanduel,-132.0,0.5689655172413793,0.5353610581645135,-0.0336,7.0,under,0.6301779865126833,0.0868,824404,668909,10,1
2026-08-03,2026-08-02,Matthew Liberatore,STL,TOR,TOR,STL,3.74060509776346,1,3.5,over,bet365,-130.0,0.5652173913043478,0.5282629151457,-0.037,4.0,under,0.6230177781458406,0.0796,822783,669461,7,1
2026-08-03,2026-08-02,Kumar Rocker,TEX,HOU,HOU,TEX,4.529901823032732,1,4.5,over,draftkings,-120.0,0.5454545454545454,0.5066794599278142,-0.0388,4.5,under,0.5409452295419643,-0.0024,824163,677958,5,1
2026-08-03,2026-08-02,Landen Roupp,SF,SD,SD,SF,4.403389891258045,1,4.5,over,bet365,-130.0,0.5652173913043478,0.5214367096397476,-0.0437806816646001,5.0,under,0.6640973810182139,0.1207,823270,694738,6,1
2026-08-03,2026-08-02,Merrill Kelly,AZ,CLE,CLE,AZ,3.533895413902002,1,3.5,over,betmgm,-115.0,0.5348837209302325,0.4904169653448506,-0.0445,3.5,over,0.5186089274402135,-0.0248,824404,518876,5,1
2026-08-03,2026-08-02,Griffin Jax,TB,CWS,TB,CWS,6.522268647599337,1,6.5,under,fanduel,-138.0,0.5798319327731093,0.5341711477076089,-0.0457,6.0,over,0.4484402800587307,-0.0949,822943,643377,8,0
2026-08-03,2026-08-02,Max Scherzer,TOR,STL,TOR,STL,3.630179261497245,1,3.5,over,bet365,-135.0,0.574468085106383,0.5187926497404242,-0.0557,4.0,under,0.665507896760007,0.1221,822783,453286,5,1
2026-08-03,2026-08-02,Colin Rea,CHC,NYY,CHC,NYY,4.6884900711425646,1,4.5,over,bet365,-140.0,0.5833333333333334,0.5236171950570265,-0.0597,5.0,under,0.7109863351580636,0.1676,824648,607067,7,1
2026-08-03,2026-08-02,Kyle Hart,SD,SF,SD,SF,2.101191667406182,1,2.5,under,bet365,-190.0,0.6551724137931034,0.5806359720305078,-0.0745364417625956,,,,,823270,606996,2,1
2026-08-04,2026-08-03,Logan Webb,SF,TEX,TEX,SF,3.6216997647760953,1,4.5,under,novig,147.0,0.4048582995951417,0.5702366605919077,0.165378360996766,5.0,under,0.7188537948286465,0.1755,822867,657277,8,0
2026-08-04,2026-08-03,Cristian Javier,HOU,TOR,HOU,TOR,2.871833277990665,1,3.5,under,novig,141.0,0.4149377593360996,0.5601107844118883,0.1451730250757887,4.0,under,0.72617796274379,0.1828,824160,664299,2,1
2026-08-04,2026-08-03,Ian Seymour,TB,COL,COL,TB,4.015613243208653,1,4.5,under,betmgm,120.0,0.4545454545454545,0.5417747318188881,0.0872292772734336,5.0,under,0.6941338788367946,0.1508,824324,693855,9,0
2026-08-04,2026-08-03,Matthew Boyd,CHC,LAD,CHC,LAD,4.037216333588091,1,4.5,under,bet365,110.0,0.4761904761904761,0.5504010511455995,0.0742105749551232,5.0,under,0.7017248315805484,0.1583,824647,571510,3,1
2026-08-04,2026-08-03,Michael McGreevy,STL,NYY,NYY,STL,3.3254436332909187,1,4.5,under,fanduel,-160.0,0.6153846153846154,0.6698951255081139,0.0545105101234985,4.0,under,0.6698951255081139,0.1265,823520,700241,5,0
2026-08-04,2026-08-03,Shane Bieber,TOR,HOU,HOU,TOR,2.855055590626629,1,4.5,under,fanduel,-164.0,0.6212121212121212,0.6742557058118188,0.0530435845996976,4.0,under,0.7242557058118189,0.1809,824160,669456,6,0
2026-08-04,2026-08-03,Brandon Pfaadt,AZ,SD,AZ,SD,3.3867580964485247,1,4.5,under,betrivers,-162.0,0.6183206106870229,0.6669339323462531,0.0486133216592301,4.0,under,0.6669339323462531,0.1236,825095,694297,3,1
2026-08-04,2026-08-03,Aaron Nola,PHI,WSH,PHI,WSH,5.275274338364976,1,5.5,under,fanduel,-130.0,0.5652173913043478,0.5981287327958825,0.0329113414915347,5.0,over,0.4418712672041175,-0.1015,823431,605400,5,1
2026-08-04,2026-08-03,Bubba Chandler,PIT,MIL,MIL,PIT,5.064459629584813,1,4.5,over,novig,-138.0,0.5798319327731093,0.6039343385360152,0.0241024057629059,5.0,over,0.4060822150441659,-0.1373,823757,696149,5,1
2026-08-04,2026-08-03,Andrew Alvarez,WSH,PHI,PHI,WSH,4.334416939594734,1,4.5,under,draftkings,-135.0,0.574468085106383,0.5954248997480819,0.0209568146416988,4.0,over,0.4445751002519181,-0.0988,823431,674841,5,0
2026-08-04,2026-08-03,Michael Lorenzen,COL,TB,COL,TB,3.2248523664078688,1,3.5,under,betmgm,-155.0,0.6078431372549019,0.6244996047078238,0.0166564674529219,3.0,over,0.4155003952921762,-0.1279,824324,547179,0,1
2026-08-04,2026-08-03,Michael King,SD,AZ,AZ,SD,3.657729445244696,1,4.5,under,betrivers,-115.0,0.5348837209302325,0.5357543858378652,0.0008706649076326,4.5,under,0.6157543858378651,0.0724,825095,650633,5,0
2026-08-04,2026-08-03,Brandon Sproat,MIL,PIT,MIL,PIT,5.495615766648162,1,5.5,over,novig,106.0,0.4854368932038835,0.4787493214625552,-0.0067,5.5,over,0.4771410651343121,-0.0662,823757,687075,4,0
2026-08-04,2026-08-03,Cam Schlittler,NYY,STL,NYY,STL,7.645133814835892,1,6.5,over,novig,-135.0,0.574468085106383,0.5209295237461189,-0.0535385613602641,7.0,over,0.4685144624097981,-0.0749,823520,693645,6,0
2026-08-05,2026-08-04,Logan Henderson,MIL,PIT,MIL,PIT,4.913893005854312,1,6.5,under,betrivers,-115.0,0.5348837209302325,0.6619102935083544,0.1270265725781219,6.0,under,0.6619102935083544,0.1185,823756,701656,8,0
2026-08-05,2026-08-04,Randy Vásquez,SD,AZ,AZ,SD,3.1591889210374404,1,2.5,over,novig,138.0,0.4201680672268907,0.5362779764173058,0.116109909190415,,,,,825054,681190,1,0
2026-08-05,2026-08-04,Cade Povich,BAL,LAA,BAL,LAA,3.6591266912608993,1,4.5,under,draftkings,101.0,0.4975124378109453,0.5931741343600656,0.0956616965491203,,,,,824805,700249,7,0
2026-08-05,2026-08-04,Freddy Peralta,TB,COL,COL,TB,4.186939249177833,1,5.5,under,draftkings,-143.0,0.588477366255144,0.6714337584812874,0.0829563922261433,5.0,under,0.6714337584812874,0.1281,824321,642547,3,1
2026-08-05,2026-08-04,Jared Jones,PIT,MIL,MIL,PIT,4.983740247430871,1,5.5,under,novig,108.0,0.4807692307692308,0.5536467385987389,0.0728775078295081,5.5,under,0.5536467385987389,0.0103,823756,683003,4,1
2026-08-05,2026-08-04,Trey Yesavage,TOR,HOU,HOU,TOR,4.691508032444636,1,5.5,under,betmgm,-110.0,0.5238095238095238,0.5933626729749287,0.0695531491654048,5.5,under,0.5933626729749287,0.05,824161,702056,0,1
2026-08-05,2026-08-04,Sean Manaea,NYM,CLE,CLE,NYM,4.175840956346777,1,4.5,under,betmgm,105.0,0.4878048780487805,0.5393874863029944,0.0515826082542139,4.5,under,0.5393874863029944,-0.004,824403,640455,7,0
2026-08-05,2026-08-04,Gabriel Hughes,COL,TB,COL,TB,3.8098543598939214,1,3.5,over,bet365,125.0,0.4444444444444444,0.4923688305736584,0.047924386129214,3.0,over,0.4923688305736584,-0.051,824321,687312,7,1
2026-08-05,2026-08-04,Brady Singer,CIN,ATH,CIN,ATH,5.347437904161723,1,4.5,over,novig,-111.0,0.5260663507109005,0.5723414323572047,0.0462750816463042,4.5,over,0.5723414323572047,0.029,824484,663903,6,1
2026-08-05,2026-08-04,MacKenzie Gore,TEX,SF,TEX,SF,5.252986201496078,1,6.5,under,novig,-102.0,0.504950495049505,0.5399652101831802,0.0350147151336752,6.5,under,0.6199652101831802,0.0766,822865,669022,4,1
2026-08-05,2026-08-04,J.T. Ginn,ATH,CIN,CIN,ATH,4.991315822695035,1,4.5,over,novig,-125.0,0.5555555555555556,0.5893176710257365,0.0337621154701809,5.0,under,0.6085916067470301,0.0652,824484,669372,5,1
2026-08-05,2026-08-04,Ryan Weathers,NYY,STL,NYY,STL,5.503257544316811,1,5.5,over,novig,102.0,0.495049504950495,0.5247386101063004,0.0296891051558053,5.5,over,0.4847386101063004,-0.0586,823517,677960,6,1
2026-08-05,2026-08-04,Joey Cantillo,CLE,NYM,CLE,NYM,6.328937221951524,1,5.5,over,betrivers,-118.0,0.5412844036697247,0.5692161760744892,0.0279317724047644,5.5,over,0.5692161760744892,0.0258,824403,676282,5,0
2026-08-05,2026-08-04,Patrick Sandoval,BOS,CWS,BOS,CWS,4.435864772856738,1,5.5,under,draftkings,-107.0,0.5169082125603864,0.5363409247363771,0.0194327121759906,5.5,under,0.616340924736377,0.073,824731,663776,5,1
2026-08-05,2026-08-04,Jesús Luzardo,PHI,WSH,PHI,WSH,6.320069706312768,1,7.5,under,draftkings,-102.0,0.504950495049505,0.5230498102661413,0.0180993152166363,7.5,under,0.6030498102661412,0.0597,823432,666200,7,1
2026-08-05,2026-08-04,Randy Dobnak,KC,MIN,KC,MIN,3.1699281733205305,1,2.5,over,betmgm,-130.0,0.5652173913043478,0.5776529612746344,0.0124,2.5,over,0.5776529612746344,0.0343,824084,677976,1,0
2026-08-05,2026-08-04,Grant Holmes,ATL,MIA,ATL,MIA,4.534628594448999,1,4.5,over,fanduel,-108.0,0.5192307692307693,0.524680853631316,0.0054500844005467,4.5,over,0.4846808536313159,-0.0587,824888,656550,5,1
2026-08-05,2026-08-04,Javier Assad,CHC,LAD,CHC,LAD,3.708581953657388,1,3.5,over,betrivers,106.0,0.4854368932038835,0.4900542442508815,0.0046,3.5,over,0.4875922416090034,-0.0558,824645,665871,3,0
2026-08-05,2026-08-04,Tarik Skubal,LAD,CHC,CHC,LAD,6.015517691154954,1,7.5,under,bet365,-130.0,0.5652173913043478,0.5696473190733514,0.0044299277690036,7.5,under,0.6496473190733514,0.1063,824645,669373,6,1
2026-08-05,2026-08-04,Troy Melton,DET,SEA,SEA,DET,5.538370366421141,1,5.5,under,draftkings,-130.0,0.5652173913043478,0.5695218538524663,0.0043044625481185,5.0,over,0.4704781461475337,-0.0729,823108,675512,4,1
2026-08-05,2026-08-04,Ryan Gusto,MIA,ATL,ATL,MIA,3.914229947467249,1,3.5,over,betmgm,-110.0,0.5238095238095238,0.5278227414328962,0.0040132176233723,3.5,over,0.5278227414328962,-0.0156,824888,687473,5,1
2026-08-05,2026-08-04,Davis Martin,CWS,BOS,BOS,CWS,3.464105266402876,1,4.5,under,bet365,-135.0,0.574468085106383,0.5635689062669966,-0.0108991788393864,4.0,under,0.6435689062669966,0.1002,824731,663436,1,1
2026-08-05,2026-08-04,Joe Ryan,MIN,KC,KC,MIN,5.418974782456759,1,5.5,over,novig,-117.0,0.5391705069124424,0.5188499304497292,-0.0203205764627132,5.5,over,0.4888499304497291,-0.0545,824084,657746,3,0
2026-08-05,2026-08-04,Hunter Dobbins,STL,NYY,NYY,STL,3.831747276897649,1,3.5,over,fanduel,-158.0,0.6124031007751938,0.5873884142684119,-0.0250146865067818,4.0,under,0.6184373218872794,0.0751,823517,690928,4,1
2026-08-05,2026-08-04,Eduardo Rodriguez,AZ,SD,AZ,SD,3.3942473433390794,1,3.5,over,betmgm,-145.0,0.5918367346938775,0.5328462692069826,-0.0589904654868949,4.0,under,0.6707281736454848,0.1273,825054,593958,4,1
2026-08-05,2026-08-04,Grayson Rodriguez,LAA,BAL,BAL,LAA,4.797855422057568,1,5.5,under,betrivers,-143.0,0.588477366255144,0.5280094015096851,-0.0604679647454589,5.0,under,0.6080094015096851,0.0646,824805,680570,6,0
2026-08-05,2026-08-04,Emerson Hancock,SEA,DET,SEA,DET,4.759682408781596,1,5.5,under,novig,-150.0,0.6,0.539277048113734,-0.0607229518862659,5.0,under,0.619277048113734,0.0759,823108,676106,6,0
2026-08-05,2026-08-04,Carson Palmquist,WSH,PHI,PHI,WSH,2.995718486937161,0,,,,,,,,1.5,over,0.7701901891359513,0.2268,823432,687223,0,-2
2026-08-06,2026-08-05,Reid Detmers,LAA,BAL,BAL,LAA,5.4338225908363365,1,6.5,under,betmgm,120.0,0.4545454545454545,0.58016810327879,0.1256226487333354,7.0,under,0.7061735023615426,0.1628,824806,672282,5,1
2026-08-06,2026-08-05,Paul Skenes,PIT,MIL,MIL,PIT,5.807411993838434,1,6.5,under,novig,133.0,0.4291845493562232,0.5451486946784512,0.1159641453222279,7.0,under,0.6750122751582659,0.1316,823753,694973,6,1
2026-08-06,2026-08-05,Noah Cameron,KC,MIN,KC,MIN,3.912342277030626,1,4.5,under,novig,130.0,0.4347826086956521,0.5498133575725396,0.1150307488768874,5.0,under,0.7012104113615085,0.1578,824082,702070,9,0
2026-08-06,2026-08-05,Trevor Rogers,BAL,LAA,BAL,LAA,3.937498626832434,1,5.5,under,betrivers,117.0,0.4608294930875576,0.5684332655705019,0.1076037724829442,5.5,under,0.6484332655705018,0.1051,824806,669432,9,0
2026-08-06,2026-08-05,Jacob Lopez,ATH,CIN,CIN,ATH,4.251954315364337,1,5.5,under,novig,-133.0,0.5708154506437768,0.6544669392411131,0.0836514885973362,5.0,under,0.6544669392411131,0.1111,824482,682052,9,0
2026-08-06,2026-08-05,Jake Irvin,WSH,PHI,PHI,WSH,4.468118536628458,1,3.5,over,novig,-106.0,0.5145631067961165,0.590399312760066,0.0758362059639494,3.5,over,0.590399312760066,0.047,823429,663623,3,0
2026-08-06,2026-08-05,Eury Pérez,MIA,ATL,ATL,MIA,7.138525757700865,1,5.5,over,novig,111.0,0.4739336492890995,0.5337613653933161,0.0598277161042165,5.0,over,0.613761365393316,0.0704,824889,691587,9,1
2026-08-06,2026-08-05,Tanner Bibee,CLE,NYM,CLE,NYM,4.038863390846154,1,4.5,under,betmgm,100.0,0.5,0.556633057639645,0.0566330576396449,4.5,under,0.556633057639645,0.0133,824402,676440,10,0
2026-08-06,2026-08-05,Drew Anderson,DET,SEA,SEA,DET,4.63211243473177,1,2.5,over,draftkings,-179.0,0.6415770609318996,0.6923962864632479,0.0508192255313483,,,,,823106,623454,0,0
2026-08-06,2026-08-05,Will Warren,NYY,STL,NYY,STL,3.998583720793032,1,4.5,under,bet365,-110.0,0.5238095238095238,0.5734020238972712,0.0495925000877474,4.5,under,0.5734020238972712,0.03,823516,701542,5,0
2026-08-06,2026-08-05,Casey Mize,SD,AZ,AZ,SD,4.014649632686144,1,4.5,under,novig,-120.0,0.5454545454545454,0.5812661165958113,0.0358115711412658,4.5,under,0.5812661165958113,0.0379,825052,663554,1,1
2026-08-06,2026-08-05,Dean Kremer,MIN,KC,KC,MIN,4.558942059809141,1,4.5,over,novig,102.0,0.495049504950495,0.5252153547514976,0.0301658498010025,4.5,over,0.4852153547514976,-0.0582,824082,665152,2,0
2026-08-06,2026-08-05,Tomoyuki Sugano,COL,TB,COL,TB,2.960433185935768,1,2.5,over,betrivers,-106.0,0.5145631067961165,0.5397397535512752,0.0252,2.5,over,0.5624512273058677,0.0191,824322,608372,3,1
2026-08-06,2026-08-05,Nick Martinez,TB,COL,COL,TB,3.2739195513682144,1,3.5,under,novig,-113.0,0.5305164319248826,0.5533422020013905,0.0228,3.5,under,0.5828559843484604,0.0395,824322,607259,4,0
2026-08-06,2026-08-05,Mitch Bratt,AZ,SD,AZ,SD,3.0969165310931013,1,3.5,under,bet365,-135.0,0.574468085106383,0.5937529418933012,0.0192848567869181,3.0,over,0.4062470581066987,-0.1371,825052,683352,9,0
2026-08-06,2026-08-05,Sean Burke,CWS,BOS,BOS,CWS,6.139825056672962,1,5.5,over,fanduel,-142.0,0.5867768595041323,0.6021763241082183,0.015399464604086,6.0,over,0.4177178169417636,-0.1257,824728,680732,4,0
2026-08-06,2026-08-05,Sonny Gray,BOS,CWS,BOS,CWS,5.047467730710811,1,5.5,under,draftkings,-136.0,0.576271186440678,0.5780977833775353,0.0018265969368572,5.0,over,0.4219022166224647,-0.1215,824728,543243,8,0
2026-08-06,2026-08-05,Carson Whisenhunt,SF,TEX,TEX,SF,4.148856234005902,1,4.5,under,novig,-141.0,0.5850622406639004,0.5796138546504674,-0.0054,4.0,over,0.4621605166131491,-0.0812,822866,687931,4,1
2026-08-06,2026-08-05,Bryan Woo,SEA,DET,SEA,DET,5.257399276725777,1,6.5,under,novig,-133.0,0.5708154506437768,0.5648111781695031,-0.0060042724742737,6.0,under,0.6448111781695031,0.1014,823106,693433,5,1
2026-08-06,2026-08-05,Hunter Brown,HOU,TOR,HOU,TOR,5.172088015589782,1,5.5,under,fanduel,-136.0,0.576271186440678,0.5667487542821236,-0.0095,5.0,over,0.400942680252273,-0.1424,824158,686613,8,0
2026-08-06,2026-08-05,Eric Lauer,LAD,CHC,CHC,LAD,3.692675862440636,1,3.5,over,fanduel,-104.0,0.5098039215686274,0.4980344482263784,-0.0118,3.5,under,0.5331696175595649,-0.0102,824646,641778,1,0
2026-08-06,2026-08-05,Bryce Elder,ATL,MIA,ATL,MIA,4.443712542620897,1,4.5,over,betmgm,-120.0,0.5454545454545454,0.5186588225829168,-0.0267957228716285,4.5,over,0.4886588225829168,-0.0547,824889,693821,3,0
2026-08-06,2026-08-05,Andre Pallante,STL,NYY,NYY,STL,3.8054664390104738,1,4.5,under,betmgm,-125.0,0.5555555555555556,0.5236642302531181,-0.0318913253024374,4.5,under,0.6036642302531181,0.0603,823516,669467,4,1
2026-08-06,2026-08-05,Rhett Lowder,CIN,ATH,CIN,ATH,3.653790951578241,1,4.5,under,novig,-150.0,0.6,0.5588801533099422,-0.0411198466900577,4.0,under,0.6388801533099422,0.0955,824482,695076,3,1
2026-08-06,2026-08-05,Shota Imanaga,CHC,LAD,CHC,LAD,4.568401797128051,1,4.5,over,bet365,-120.0,0.5454545454545454,0.5020971286523273,-0.0434,4.5,under,0.575591416294581,0.0322,824646,684007,6,1
2026-08-06,2026-08-05,Kyle Harrison,MIL,PIT,MIL,PIT,5.443615231094162,1,6.5,under,draftkings,-156.0,0.609375,0.5564209406494841,-0.0529540593505158,6.0,under,0.6364209406494841,0.093,823753,690986,10,0
2026-08-06,2026-08-05,Christian Scott,NYM,CLE,CLE,NYM,4.850104943760669,1,5.5,under,draftkings,-150.0,0.6,0.5236028728382618,-0.0763971271617381,5.0,over,0.3963971271617382,-0.147,824402,681035,7,0
2026-08-06,2026-08-05,Andrew Painter,PHI,WSH,PHI,WSH,3.449348326015456,1,3.5,over,fanduel,-164.0,0.6212121212121212,0.5071980826122916,-0.1140140385998296,4.0,under,0.6667041309296529,0.1233,823429,691725,4,1
2026-08-06,2026-08-05,Jameson Taillon,TOR,HOU,HOU,TOR,4.218516771795598,1,4.0,over,draftkings,-285.0,0.7402597402597403,0.5550248347987593,-0.1852,4.0,over,0.4268024665547295,-0.1166,824158,592791,4,-1
2026-08-07,2026-08-06,Michael Wacha,KC,MIN,KC,MIN,3.6811016186878063,1,4.5,under,draftkings,120.0,0.4545454545454545,0.5888284504405497,0.1342829958950951,,,,,824080,608379,1,1
2026-08-07,2026-08-06,Luis Castillo,CWS,BOS,BOS,CWS,3.5019457056563272,1,4.5,under,draftkings,135.0,0.425531914893617,0.5493430573381445,0.1238111424445274,,,,,824729,622491,5,0
2026-08-07,2026-08-06,Cristopher Sánchez,PHI,WSH,PHI,WSH,5.938354092745951,1,7.5,under,draftkings,-131.0,0.5670995670995671,0.6600279560115615,0.0929283889119944,,,,,823430,650911,6,1
2026-08-07,2026-08-06,Ranger Suarez,BOS,CWS,BOS,CWS,5.182121901441564,1,5.5,under,betmgm,120.0,0.4545454545454545,0.5471229047551486,0.092577450209694,,,,,824729,624133,3,1
2026-08-07,2026-08-06,Bailey Ober,MIN,KC,KC,MIN,2.8826430713845657,1,3.5,under,betmgm,100.0,0.5,0.5907284338480755,0.0907284338480755,,,,,824080,641927,0,1
2026-08-07,2026-08-06,Miles Mikolas,WSH,PHI,PHI,WSH,3.574561581325252,1,2.5,over,betmgm,110.0,0.4761904761904761,0.539343441678467,0.0631529654879908,,,,,823430,571945,1,0
2026-08-07,2026-08-06,Walker Buehler,SD,AZ,AZ,SD,4.395074546951043,1,3.5,over,betrivers,-108.0,0.5192307692307693,0.5797364243310181,0.0605056551002488,3.5,over,0.5797364243310181,0.0364,825053,621111,3,0
2026-08-07,2026-08-06,Dylan Cease,TOR,CHC,CHC,TOR,7.006253573127324,1,7.5,under,draftkings,110.0,0.4761904761904761,0.536531666440929,0.0603411902504528,,,,,824664,656302,10,0
2026-08-07,2026-08-06,Janson Junk,MIA,ATL,ATL,MIA,3.8992009922714552,1,3.5,over,novig,102.0,0.495049504950495,0.5212327859617397,0.0261832810112446,,,,,824885,676083,1,0
2026-08-07,2026-08-06,Ryan Johnson,LAA,BAL,BAL,LAA,4.193551936389034,1,4.5,under,betrivers,-143.0,0.588477366255144,0.6118668719878971,0.0233895057327531,,,,,824804,696270,1,1
2026-08-07,2026-08-06,Dustin May,MIL,PIT,MIL,PIT,5.940108679370704,1,5.5,over,betrivers,-125.0,0.5555555555555556,0.573619787747961,0.0180642321924053,,,,,823754,669160,5,0
2026-08-07,2026-08-06,Braxton Ashcraft,PIT,MIL,MIL,PIT,5.931445953781515,1,5.5,over,draftkings,-128.0,0.5614035087719298,0.5781365164722694,0.0167330077003395,,,,,823754,677952,5,0
2026-08-07,2026-08-06,Mason Barnett,ATH,CIN,CIN,ATH,5.003515923611426,1,4.5,over,draftkings,-133.0,0.5708154506437768,0.586632170963092,0.0158167203193151,,,,,824481,686930,7,1
2026-08-07,2026-08-06,Brandon Young,BAL,LAA,BAL,LAA,5.578829691137314,1,5.5,over,bet365,110.0,0.4761904761904761,0.4781557489851025,0.0019652727946263,,,,,824804,687064,4,0
2026-08-07,2026-08-06,Bryce Miller,SEA,DET,SEA,DET,5.883374094154294,1,5.5,over,draftkings,-105.0,0.5121951219512195,0.5136787349948324,0.0014836130436128,,,,,823105,682243,5,0
2026-08-07,2026-08-06,Martín Pérez,ATL,MIA,ATL,MIA,3.718158205787167,1,3.5,over,novig,-133.0,0.5708154506437768,0.5711415529774264,0.0003261023336496,,,,,824885,527048,3,0
2026-08-07,2026-08-06,David Peterson,CHC,TOR,CHC,TOR,3.840057409000239,1,3.5,over,draftkings,-136.0,0.576271186440678,0.575861320681283,-0.0004098657593949,,,,,824664,656849,3,0
2026-08-07,2026-08-06,Foster Griffin,CLE,NYM,CLE,NYM,5.456922863419162,1,5.5,under,draftkings,-140.0,0.5833333333333334,0.5811117104461405,-0.0022216228871928,,,,,824401,656492,6,0
2026-08-07,2026-08-06,Framber Valdez,DET,SEA,SEA,DET,4.887667158614979,1,4.5,over,betrivers,-152.0,0.6031746031746031,0.5767788573589105,-0.0263957458156925,,,,,823105,664285,5,1
2026-08-07,2026-08-06,Andrew Abbott,CIN,ATH,CIN,ATH,5.658321976183621,1,5.5,under,draftkings,-148.0,0.5967741935483871,0.5571415787493477,-0.0396326147990394,,,,,824481,671096,4,1
2026-08-07,2026-08-06,Kohl Drake,AZ,SD,AZ,SD,3.479292626469209,1,3.5,over,bet365,-130.0,0.5652173913043478,0.5238486081574946,-0.0413687831468532,4.0,under,0.6789685310336667,0.1356,825053,684442,1,0
2026-08-07,2026-08-06,Nolan McLean,NYM,CLE,CLE,NYM,5.275960267525287,1,5.5,over,fanduel,-140.0,0.5833333333333334,0.5148434865101675,-0.0684898468231658,,,,,824401,690997,8,1
2026-08-08,2026-08-07,Tyler Mahle,ATL,NYY,NYY,ATL,3.792501924199565,1,5.5,under,betrivers,-115.0,0.5348837209302325,0.6834017291871586,0.148518008256926,5.5,under,0.6834017291871586,0.14,823515,641816,9,0
2026-08-08,2026-08-07,Cade Cavalli,WSH,CIN,WSH,CIN,4.891885228252213,1,5.5,under,novig,147.0,0.4048582995951417,0.5331272113349171,0.1282689117397754,6.0,under,0.6739138783042564,0.1305,822699,676917,8,0
2026-08-08,2026-08-07,Robbie Ray,SD,HOU,SD,HOU,3.815286544528168,1,4.5,under,fanduel,122.0,0.4504504504504504,0.5664707459248548,0.1160202954744043,5.0,under,0.7156365595188313,0.1723,823266,592662,2,1
2026-08-08,2026-08-07,Parker Messick,CLE,CWS,CWS,CLE,4.089912970184753,1,5.5,under,novig,135.0,0.425531914893617,0.5370437604489834,0.1115118455553663,6.0,under,0.7464462510451485,0.2031,824566,800048,8,0
2026-08-08,2026-08-07,Drew Rasmussen,TB,SEA,SEA,TB,4.512569856940282,1,5.5,under,draftkings,107.0,0.4830917874396135,0.5939472343984196,0.110855446958806,5.5,under,0.5939472343984196,0.0506,823103,656876,8,0
2026-08-08,2026-08-07,Payton Tolle,BOS,ATH,BOS,ATH,4.821237698490403,1,6.5,under,novig,115.0,0.4651162790697674,0.5647297178927906,0.0996134388230231,6.5,under,0.6447297178927905,0.1014,824727,801139,14,0
2026-08-08,2026-08-07,Shane Baz,BAL,TEX,TEX,BAL,4.147114502187264,1,5.5,under,betmgm,-135.0,0.574468085106383,0.6656261409218496,0.0911580558154665,5.0,under,0.6656261409218496,0.1222,822863,669358,9,0
2026-08-08,2026-08-07,Nathan Eovaldi,TEX,BAL,TEX,BAL,5.268347888131375,1,7.5,under,betmgm,-135.0,0.574468085106383,0.6645710421670661,0.090102957060683,7.0,under,0.7145710421670661,0.1712,822863,543135,2,1
2026-08-08,2026-08-07,Tyler Phillips,MIA,LAA,MIA,LAA,3.234197672040081,1,4.5,under,draftkings,-152.0,0.6031746031746031,0.6791621935426254,0.0759875903680222,4.0,under,0.6791621935426254,0.1358,823836,663969,4,1
2026-08-08,2026-08-07,Kyle Leahy,STL,COL,STL,COL,3.907626921237711,1,4.5,under,bet365,100.0,0.5,0.573775789221273,0.073775789221273,4.5,under,0.573775789221273,0.0304,823024,681517,8,0
2026-08-08,2026-08-07,Ronel Blanco,HOU,SD,SD,HOU,4.786577462167166,1,4.5,over,novig,-106.0,0.5145631067961165,0.5523686173642594,0.0378055105681428,4.5,over,0.5123686173642593,-0.031,823266,669854,1,0
2026-08-08,2026-08-07,Zebby Matthews,MIN,MIL,MIL,MIN,4.702338493326609,1,4.5,over,fanduel,-106.0,0.5145631067961165,0.5435617374596537,0.0289986306635372,4.5,over,0.5035617374596537,-0.0398,823750,805673,4,0
2026-08-08,2026-08-07,Shane Drohan,MIL,MIN,MIL,MIN,4.88505840567761,1,5.5,under,bet365,-130.0,0.5652173913043478,0.5908847144156919,0.0256673231113441,5.0,over,0.4091152855843081,-0.1343,823750,675660,4,1
2026-08-08,2026-08-07,George Klassen,LAA,MIA,MIA,LAA,4.365809210020068,1,4.5,under,bet365,-130.0,0.5652173913043478,0.5907189474941545,0.0255015561898067,4.0,over,0.4492810525058454,-0.0941,823836,691946,3,1
2026-08-08,2026-08-07,Ryan Feltner,COL,STL,STL,COL,3.348253703380296,1,3.5,under,bet365,-140.0,0.5833333333333334,0.5966699497828463,0.0133366164495128,3.0,over,0.4433300502171537,-0.1,823024,663372,2,1
2026-08-08,2026-08-07,Logan Gilbert,SEA,TB,SEA,TB,6.116348867154179,1,6.5,under,draftkings,-152.0,0.6031746031746031,0.6157506577025738,0.0125760545279706,6.0,over,0.4242493422974263,-0.1191,823103,669302,6,1
2026-08-08,2026-08-07,Zack Wheeler,PHI,TOR,PHI,TOR,6.266442209189162,1,5.5,over,betmgm,-155.0,0.6078431372549019,0.6198984612768632,0.0120553240219613,6.0,over,0.4358990070758193,-0.1075,823428,554430,6,1
2026-08-08,2026-08-07,Jack Perkins,ATH,BOS,BOS,ATH,4.531694274293136,1,4.5,over,betmgm,-120.0,0.5454545454545454,0.539728392459044,-0.0057261529955013,4.5,over,0.499728392459044,-0.0437,824727,678022,3,0
2026-08-08,2026-08-07,José Soriano,TOR,PHI,PHI,TOR,4.469137379504684,1,4.5,over,novig,-120.0,0.5454545454545454,0.5212297421497106,-0.0242248033048347,4.5,over,0.4912297421497106,-0.0521,823428,667755,3,0
2026-08-08,2026-08-07,Zac Thornton,NYM,PIT,PIT,NYM,3.698987218018436,1,4.5,under,draftkings,-129.0,0.5633187772925764,0.5321405863586143,-0.0311781909339621,4.5,under,0.6121405863586142,0.0688,823349,804267,3,1
2026-08-08,2026-08-07,Noah Schultz,CWS,CLE,CWS,CLE,3.459289728867626,1,3.5,over,pinnacle,-129.0,0.5633187772925764,0.5256317702427938,-0.0376870070497825,3.5,over,0.4956317702427938,-0.0477,824566,702273,1,0
2026-08-08,2026-08-07,Max Fried,NYY,ATL,NYY,ATL,4.521553229947816,1,5.5,under,draftkings,-143.0,0.588477366255144,0.5501738756229491,-0.0383034906321949,5.0,under,0.630173875622949,0.0868,823515,608331,7,0
2026-08-08,2026-08-07,Roki Sasaki,LAD,AZ,AZ,LAD,4.593771092208062,1,4.5,over,pinnacle,-144.0,0.5901639344262295,0.5482997082141511,-0.0418642262120784,5.0,under,0.6388447731543259,0.0955,825051,808963,5,1
2026-08-08,2026-08-07,Keider Montero,DET,SF,SF,DET,3.41127947619578,1,3.5,over,novig,-130.0,0.5652173913043478,0.522186913072777,-0.0430304782315708,4.0,under,0.680478682507825,0.1371,823191,672456,5,1
2026-08-08,2026-08-07,Carmen Mlodzinski,PIT,NYM,PIT,NYM,3.613820673287429,1,3.5,under,pinnacle,-160.0,0.6153846153846154,0.5672339143422992,-0.0481507010423162,3.0,over,0.4627660856577008,-0.0806,823349,669387,1,1
2026-08-08,2026-08-07,Merrill Kelly,AZ,LAD,AZ,LAD,3.2470451180501536,1,3.5,over,fanduel,-130.0,0.5652173913043478,0.5015489028018251,-0.0636684885025227,4.0,under,0.6989337873031252,0.1556,825051,518876,4,1
2026-08-08,2026-08-07,Chase Petty,CIN,WSH,WSH,CIN,3.019146513728008,0,,,,,,,,,,,,822699,695534,1,-2
2026-08-09,2026-08-08,Gavin Williams,CLE,CWS,CWS,CLE,6.543390204085115,1,7.5,under,novig,138.0,0.4201680672268907,0.5600671483723165,0.1398990811454257,8.0,under,0.6806176337504083,0.1372,824565,668909,7,1
2026-08-09,2026-08-08,Chris Sale,ATL,NYY,NYY,ATL,6.603927972734458,1,7.5,under,fanduel,142.0,0.4132231404958678,0.5494117466051635,0.1361886061092956,8.0,under,0.670954914972757,0.1276,823514,519242,8,0
2026-08-09,2026-08-08,Landen Roupp,SF,DET,SF,DET,3.871301513000796,1,4.5,under,draftkings,126.0,0.4424778761061947,0.552004064821002,0.1095261887148072,5.0,under,0.7031259520685,0.1597,823188,694738,3,1
2026-08-09,2026-08-08,Kyle Bradish,BAL,TEX,TEX,BAL,4.134502323636396,1,5.5,under,draftkings,-123.0,0.5515695067264574,0.653912299480609,0.1023427927541515,5.5,under,0.653912299480609,0.1105,822864,680694,4,1
2026-08-09,2026-08-08,Jacob deGrom,TEX,BAL,TEX,BAL,5.88385086051459,1,7.5,under,draftkings,-136.0,0.576271186440678,0.660515166275768,0.08424397983509,7.0,under,0.660515166275768,0.1171,822864,594798,9,0
2026-08-09,2026-08-08,Griffin Jax,TB,SEA,SEA,TB,4.716891772212396,1,5.5,under,novig,-108.0,0.5192307692307693,0.5946812957494567,0.0754505265186874,5.5,under,0.5946812957494567,0.0513,823102,643377,-1,-2
2026-08-09,2026-08-08,Matthew Liberatore,STL,COL,STL,COL,4.159267063066795,1,5.5,under,draftkings,-144.0,0.5901639344262295,0.6644754636499213,0.0743115292236917,5.0,under,0.6644754636499213,0.1211,823021,669461,3,1
2026-08-09,2026-08-08,Seth Lugo,KC,CHC,KC,CHC,3.2620803528844244,1,4.5,under,draftkings,-156.0,0.609375,0.6786463005962355,0.0692713005962355,4.0,under,0.6786463005962355,0.1353,824079,607625,5,0
2026-08-09,2026-08-08,Bubba Chandler,PIT,NYM,PIT,NYM,3.911121958723887,1,4.5,under,fanduel,-108.0,0.5192307692307693,0.5773869204403119,0.0581561512095426,4.5,under,0.5773869204403119,0.034,823348,696149,5,0
2026-08-09,2026-08-08,Aaron Nola,PHI,TOR,PHI,TOR,5.247945015046078,1,4.5,over,fanduel,102.0,0.495049504950495,0.5497209814683468,0.0546714765178517,4.5,over,0.5497209814683468,0.0063,823426,605400,8,1
2026-08-09,2026-08-08,Gage Jump,ATH,BOS,BOS,ATH,6.15620320733548,1,5.5,over,novig,108.0,0.4807692307692308,0.5341738460964031,0.0534046153271722,5.5,over,0.5341738460964031,-0.0092,824726,695611,11,1
2026-08-09,2026-08-08,Michael King,SD,HOU,SD,HOU,3.695307215590372,1,5.5,under,novig,-163.0,0.6197718631178707,0.6725354961817573,0.0527636330638866,5.0,under,0.7225354961817574,0.1792,823267,650633,6,0
2026-08-09,2026-08-08,Peter Lambert,HOU,SD,SD,HOU,4.220021723374975,1,5.5,under,betrivers,-167.0,0.6254681647940075,0.6738882920873935,0.048420127293386,5.0,under,0.6738882920873935,0.1305,823267,663567,3,1
2026-08-09,2026-08-08,Brandon Pfaadt,AZ,LAD,AZ,LAD,3.254028051056556,1,3.5,under,fanduel,102.0,0.495049504950495,0.5418403289260675,0.0467908239755724,3.5,under,0.5418403289260675,-0.0015,825049,694297,2,1
2026-08-09,2026-08-08,George Kirby,SEA,TB,SEA,TB,5.269404336257957,1,4.5,over,bet365,-140.0,0.5833333333333334,0.619540654312756,0.0362073209794225,5.0,over,0.4220525066294355,-0.1213,823102,669923,2,0
2026-08-09,2026-08-08,Taj Bradley,MIN,MIL,MIL,MIN,6.136821259162831,1,6.5,under,betrivers,-137.0,0.5780590717299579,0.6090559694043546,0.0309968976743967,6.0,over,0.4309440305956454,-0.1124,823752,671737,7,0
2026-08-09,2026-08-08,Kyle Freeland,COL,STL,STL,COL,3.3161894312919937,1,3.5,under,fanduel,-106.0,0.5145631067961165,0.5385869867348734,0.0240238799387568,3.5,under,0.5385869867348734,-0.0048,823021,607536,3,1
2026-08-09,2026-08-08,Sandy Alcantara,MIA,LAA,MIA,LAA,5.688546736000628,1,5.5,over,novig,108.0,0.4807692307692308,0.4936175653550183,0.0128483345857875,5.5,over,0.4936175653550183,-0.0498,823834,645261,8,1
2026-08-09,2026-08-08,Gerrit Cole,NYY,ATL,NYY,ATL,6.283216527071187,1,5.5,over,betrivers,-129.0,0.5633187772925764,0.5687726981108924,0.0054539208183159,,,,,823514,543037,9,1
2026-08-09,2026-08-08,Yoshinobu Yamamoto,LAD,AZ,AZ,LAD,4.53890634098057,1,5.5,under,draftkings,-114.0,0.5327102803738317,0.536569320475652,0.0038590401018202,5.5,under,0.6165693204756519,0.0732,825049,808967,6,0
2026-08-09,2026-08-08,Robert Gasser,MIL,MIN,MIL,MIN,4.545645727864397,1,4.5,over,fanduel,-113.0,0.5305164319248826,0.5310020409562041,0.0004856090313214,4.5,over,0.491002040956204,-0.0524,823752,688107,3,0
2026-08-09,2026-08-08,Jake Bennett,BOS,ATH,BOS,ATH,4.47373156630596,1,4.5,over,bet365,-115.0,0.5348837209302325,0.5320819499067274,-0.002801771023505,4.5,over,0.4920819499067274,-0.0513,824726,687562,5,1
2026-08-09,2026-08-08,Max Scherzer,TOR,PHI,PHI,TOR,3.570399454718865,1,3.5,over,novig,-120.0,0.5454545454545454,0.5421946257797748,-0.0032599196747705,3.5,over,0.5021946257797748,-0.0412,823426,453286,4,1
2026-08-09,2026-08-08,Walbert Ureña,LAA,MIA,MIA,LAA,5.563625528566516,1,5.5,under,novig,-150.0,0.6,0.5723391226959554,-0.0276608773040445,5.0,over,0.4576608773040446,-0.0857,823834,700712,2,1
2026-08-09,2026-08-08,Clay Holmes,CHC,KC,KC,CHC,3.352174509086821,1,3.5,over,novig,-115.0,0.5348837209302325,0.503143655680129,-0.0317400652501035,3.5,over,0.473143655680129,-0.0702,824079,605280,1,0
2026-08-09,2026-08-08,Chase Burns,CIN,WSH,WSH,CIN,5.346015497465692,1,5.5,over,betrivers,-136.0,0.576271186440678,0.5264721538830803,-0.0497990325575976,6.0,under,0.6465335702991879,0.1032,822701,695505,6,1
2026-08-09,2026-08-08,Andrew Alvarez,WSH,CIN,WSH,CIN,4.426949453242574,1,4.5,over,betmgm,-135.0,0.574468085106383,0.5222480590104962,-0.0522200260958868,5.0,under,0.6633473259423972,0.12,822701,674841,2,0
2026-08-09,2026-08-08,Anthony Kay,CWS,CLE,CWS,CLE,4.370095930735401,1,3.5,over,draftkings,-153.0,0.6047430830039525,0.5258422676310106,-0.0789008153729419,4.0,over,0.4315497194505382,-0.1118,824565,641743,4,1
2026-08-10,2026-08-09,Grayson Rodriguez,LAA,MIA,MIA,LAA,3.223394474873854,1,5.5,under,draftkings,-154.0,0.6062992125984252,0.7551111972279063,0.1488,5.0,under,0.7380487481888063,0.1947,823835,680570,8,0
2026-08-10,2026-08-09,Matthew Boyd,CHC,KC,KC,CHC,3.0301772087919336,1,4.5,under,betrivers,-117.0,0.5391705069124424,0.6800894930799147,0.1409,5.0,under,0.7780760530155241,0.2347,824078,571510,3,1
2026-08-10,2026-08-09,Jared Jones,PIT,NYM,PIT,NYM,5.278507074215509,1,4.5,over,betmgm,130.0,0.4347826086956521,0.571799328584404,0.137,5.0,over,0.4005893414463933,-0.1428,823345,683003,3,0
2026-08-10,2026-08-09,Grant Holmes,ATL,NYY,NYY,ATL,3.798157091398417,1,4.5,under,bet365,130.0,0.4347826086956521,0.5578793444411473,0.1231,5.0,under,0.7234080875530838,0.18,823513,656550,2,1
2026-08-10,2026-08-09,Ryan Gusto,MIA,LAA,MIA,LAA,3.712249237820704,1,4.5,under,betrivers,102.0,0.495049504950495,0.5991303412064457,0.1041,5.0,under,0.7251467951293137,0.1818,823835,687473,4,1
2026-08-10,2026-08-09,Cade Povich,BAL,TEX,TEX,BAL,4.043984049562262,1,4.5,under,novig,117.0,0.4608294930875576,0.5505794857507377,0.0897,4.5,under,0.6274766739335611,0.0841,822862,700249,2,1
2026-08-10,2026-08-09,Sean Manaea,NYM,PIT,PIT,NYM,3.835611725274316,1,5.5,under,draftkings,-158.0,0.6124031007751938,0.7006177566070166,0.0882,5.0,under,0.6789795490698304,0.1356,823345,640455,11,0
2026-08-10,2026-08-09,Joey Cantillo,CLE,CWS,CWS,CLE,4.681590271967159,1,5.5,under,fanduel,-102.0,0.504950495049505,0.5887566871221026,0.0838,5.5,under,0.5942559316024338,0.0509,824564,676282,3,1
2026-08-10,2026-08-09,Justin Wrobleski,LAD,AZ,AZ,LAD,4.9242459102930125,1,4.5,over,draftkings,131.0,0.4329004329004329,0.4938890277215985,0.0609885948211656,4.0,over,0.4938890277215985,-0.0495,825050,680736,3,0
2026-08-10,2026-08-09,Troy Melton,DET,SF,SF,DET,6.050564080335915,1,4.5,over,novig,-150.0,0.6,0.6578891621027494,0.0578891621027494,5.0,over,0.5072339402327872,-0.0361,823190,675512,5,1
2026-08-10,2026-08-09,Connor Prielipp,MIN,MIL,MIL,MIN,4.625523240332266,1,5.5,under,betmgm,-125.0,0.5555555555555556,0.6117708463615423,0.0562,5.0,under,0.6054896925916435,0.0621,823751,687570,7,0
2026-08-10,2026-08-09,Randy Dobnak,KC,CHC,KC,CHC,3.24259168767917,1,2.5,over,novig,-111.0,0.5260663507109005,0.5822679827231424,0.0562,,,,,824078,677976,4,1
2026-08-10,2026-08-09,Kumar Rocker,TEX,BAL,TEX,BAL,5.945664525612694,1,5.5,over,fanduel,118.0,0.4587155963302752,0.5106712651520964,0.052,5.0,under,0.6070667118816154,0.0637,822862,677958,5,0
2026-08-10,2026-08-09,Ian Seymour,TB,SEA,SEA,TB,5.1553640366148565,1,5.5,under,novig,102.0,0.495049504950495,0.5448235567641306,0.0497740518136355,5.5,under,0.5448235567641306,0.0014,823104,693855,7,0
2026-08-10,2026-08-09,Emerson Hancock,SEA,TB,SEA,TB,4.8237110069249205,1,4.5,over,novig,120.0,0.4545454545454545,0.4970147561105263,0.0425,4.5,over,0.5047834916203462,-0.0386,823104,676106,3,0
2026-08-10,2026-08-09,J.T. Ginn,ATH,BOS,BOS,ATH,4.31890179204576,1,4.5,under,novig,102.0,0.495049504950495,0.5348719557504642,0.0398,4.5,over,0.525607840610408,-0.0178,824724,669372,2,1
2026-08-10,2026-08-09,Cam Schlittler,NYY,ATL,NYY,ATL,8.002057887923563,1,6.5,over,fanduel,-146.0,0.5934959349593496,0.6307395481605653,0.0372,6.5,over,0.527968675290267,-0.0154,823513,693645,11,1
2026-08-10,2026-08-09,Cristian Javier,HOU,SD,SD,HOU,3.21945051316314,1,3.5,under,novig,-111.0,0.5260663507109005,0.5599108383386218,0.0338444876277213,3.5,under,0.5599108383386218,0.0165,823268,664299,2,1
2026-08-10,2026-08-09,Jesús Luzardo,PHI,TOR,PHI,TOR,6.867740982218319,1,6.5,over,draftkings,112.0,0.4716981132075472,0.5005631531910458,0.0289,6.5,under,0.5540248315296494,0.0106,823425,666200,12,1
2026-08-10,2026-08-09,Michael McGreevy,STL,COL,STL,COL,4.1787420063747485,1,3.5,over,novig,-117.0,0.5391705069124424,0.5661887382294024,0.027,4.0,under,0.7114218307058705,0.168,823020,700241,4,1
2026-08-10,2026-08-09,Michael Lorenzen,COL,STL,STL,COL,3.0489881639674405,1,3.5,under,bet365,-155.0,0.6078431372549019,0.6060267598214724,-0.0018,3.0,over,0.4152836386932312,-0.1281,823020,547179,1,1
2026-08-10,2026-08-09,Eduardo Rodriguez,AZ,LAD,AZ,LAD,3.582226900112139,1,3.5,over,novig,-130.0,0.5652173913043478,0.5385593573888612,-0.0266580339154866,4.0,under,0.6654402048401447,0.1221,825050,593958,9,1
2026-08-10,2026-08-09,Davis Martin,CWS,CLE,CWS,CLE,3.46770743214594,1,3.5,over,bet365,-105.0,0.5121951219512195,0.4779093685283915,-0.0343,3.5,over,0.4848778695770951,-0.0585,824564,663436,1,0
2026-08-10,2026-08-09,Logan Webb,SF,DET,SF,DET,4.458538270949339,1,5.5,under,novig,-153.0,0.6047430830039525,0.5683816812944466,-0.0363614017095059,5.0,under,0.6483816812944465,0.105,823190,657277,2,1
2026-08-10,2026-08-09,Brady Singer,CIN,WSH,WSH,CIN,4.466895134583769,1,4.5,over,fanduel,-104.0,0.5098039215686274,0.4732141056023874,-0.0366,4.5,under,0.5500910941569723,0.0067,822700,663903,3,0
2026-08-10,2026-08-09,Jacob Misiorowski,MIL,MIN,MIL,MIN,8.603675975911191,1,8.5,over,betrivers,-121.0,0.5475113122171946,0.5083027874850432,-0.0392,,,,,823751,694819,9,1
2026-08-10,2026-08-09,Brad Lord,WSH,CIN,WSH,CIN,3.5469465911197857,1,2.5,over,bet365,-140.0,0.5833333333333334,0.5414166589778716,-0.0419166743554617,,,,,822700,695418,4,1
2026-08-10,2026-08-09,Shane Bieber,TOR,PHI,PHI,TOR,3.338342942673433,1,3.5,over,draftkings,-139.0,0.5815899581589958,0.4826392583520514,-0.099,4.0,under,0.6802943230830791,0.1369,823425,669456,4,1
2026-08-11,2026-08-10,Trevor Rogers,BAL,MIN,MIN,BAL,3.87817476210572,1,4.5,under,novig,127.0,0.4405286343612334,0.5577352497244429,0.1172066153632094,5.0,under,0.708111047314986,0.1647,823675,669432,4,1
2026-08-11,2026-08-10,Tarik Skubal,LAD,KC,LAD,KC,6.363135930530123,1,7.5,under,draftkings,101.0,0.4975124378109453,0.596315890171137,0.0988034523601916,7.5,under,0.596315890171137,0.0529,823918,669373,6,1
2026-08-11,2026-08-10,Sonny Gray,BOS,TOR,TOR,BOS,3.8432112436773984,1,4.5,under,fanduel,-102.0,0.504950495049505,0.5814679591029372,0.0765174640534323,4.5,under,0.5814679591029372,0.0381,822780,543243,4,1
2026-08-11,2026-08-10,Reid Detmers,LAA,TEX,LAA,TEX,5.224123425315931,1,6.5,under,draftkings,117.0,0.4608294930875576,0.5242837391941411,0.0634542461065834,7.0,under,0.7269262014594761,0.1835,823998,672282,6,1
2026-08-11,2026-08-10,Christian Scott,NYM,ATL,ATL,NYM,4.9370982883419,1,5.5,under,betrivers,-115.0,0.5348837209302325,0.5817962929448037,0.0469125720145712,5.0,over,0.4182037070551962,-0.1252,824887,681035,6,0
2026-08-11,2026-08-10,Andrew Painter,PHI,STL,STL,PHI,3.137851144810285,1,3.5,under,novig,-117.0,0.5391705069124424,0.5758317567299502,0.0366612498175078,3.0,over,0.4241682432700497,-0.1192,823018,691725,6,0
2026-08-11,2026-08-10,Bryce Elder,ATL,NYM,ATL,NYM,4.138502013138386,1,4.5,under,draftkings,-116.0,0.5370370370370371,0.565572824782659,0.0285357877456219,4.5,under,0.565572824782659,0.0222,824887,693821,4,1
2026-08-11,2026-08-10,MacKenzie Gore,TEX,LAA,LAA,TEX,5.195938268836664,1,6.5,under,novig,-115.0,0.5348837209302325,0.5555727363299184,0.0206890153996859,6.5,under,0.6355727363299184,0.0922,823998,669022,9,0
2026-08-11,2026-08-10,Logan Henderson,MIL,SD,SD,MIL,4.517395370175612,1,5.5,under,novig,-106.0,0.5145631067961165,0.5327438428170074,0.0181807360208908,5.0,under,0.6127438428170073,0.0694,823265,701656,7,0
2026-08-11,2026-08-10,Hunter Dobbins,STL,PHI,STL,PHI,3.708966256422359,1,3.5,over,fanduel,112.0,0.4716981132075472,0.4859424070035609,0.0142442937960137,3.0,over,0.4859424070035609,-0.0574,823018,690928,6,1
2026-08-11,2026-08-10,Jacob Lopez,ATH,TB,ATH,TB,4.114578677800132,1,4.5,under,draftkings,-130.0,0.5652173913043478,0.5740218507034676,0.0088044593991197,4.0,over,0.4259781492965324,-0.1174,824969,682052,5,0
2026-08-11,2026-08-10,Michael Soroka,AZ,COL,AZ,COL,4.086269911703452,1,4.5,under,betrivers,-134.0,0.5726495726495726,0.5794336306093127,0.0067840579597401,4.0,over,0.4205663693906872,-0.1228,825048,647336,4,1
2026-08-11,2026-08-10,Casey Mize,SD,MIL,SD,MIL,4.577546420068734,1,4.5,over,bet365,-135.0,0.574468085106383,0.540829543753367,-0.033638541353016,5.0,under,0.6459543257195441,0.1026,823265,663554,6,1
2026-08-11,2026-08-10,Jameson Taillon,TOR,BOS,TOR,BOS,3.818598315584865,1,4.5,under,draftkings,-133.0,0.5708154506437768,0.5310020466739719,-0.0398134039698049,4.0,over,0.3889979533260281,-0.1544,822780,592791,3,1
2026-08-11,2026-08-10,Noah Cameron,KC,LAD,LAD,KC,4.272336845231248,1,4.5,over,novig,-122.0,0.5495495495495496,0.5072069763205,-0.0423425732290495,5.0,under,0.6771254028142487,0.1337,823918,702070,2,0
2026-08-11,2026-08-10,Dean Kremer,MIN,BAL,MIN,BAL,4.624240127439973,1,5.5,under,bet365,-140.0,0.5833333333333334,0.5404933348771095,-0.0428399984562238,5.0,under,0.6204933348771094,0.0771,823675,665152,7,0
2026-08-11,2026-08-10,Gabriel Hughes,COL,AZ,AZ,COL,3.3391794363539167,1,3.5,over,draftkings,-126.0,0.5575221238938053,0.505556638958468,-0.0519654849353372,4.0,under,0.695393284348567,0.152,825048,687312,3,0
2026-08-11,2026-08-10,Freddy Peralta,TB,ATH,ATH,TB,4.410840792556516,1,4.5,over,betmgm,-125.0,0.5555555555555556,0.4888203777343541,-0.0667,4.5,over,0.4745498470460847,-0.0688,824969,642547,5,1
2026-08-11,2026-08-10,Hayden Wesneski,HOU,SF,SF,HOU,3.121726428656478,1,3.5,over,fanduel,-154.0,0.6062992125984252,0.4776071535631171,-0.1286920590353081,4.0,under,0.693573780601529,0.1502,823189,669713,4,1
2026-08-12,2026-08-11,Shota Imanaga,CHC,WSH,WSH,CHC,4.097113334135382,1,5.5,under,betrivers,-114.0,0.5327102803738317,0.6603327922621921,0.1276225118883603,5.0,under,0.6603327922621921,0.117,822697,684007,5,1
2026-08-12,2026-08-11,Dylan Cease,TOR,BOS,TOR,BOS,6.340807840854717,1,7.5,under,fanduel,118.0,0.4587155963302752,0.5813879802465052,0.1226723839162299,8.0,under,0.6996335786204255,0.1563,822778,656302,7,1
2026-08-12,2026-08-11,Hunter Brown,HOU,SF,SF,HOU,4.93196884880946,1,5.5,under,novig,138.0,0.4201680672268907,0.5372665842406288,0.117098517013738,6.0,under,0.6776674004724439,0.1343,823186,686613,4,1
2026-08-12,2026-08-11,Nick Lodolo,CIN,CWS,CWS,CIN,3.675972538554271,1,4.5,under,novig,102.0,0.495049504950495,0.5992834055168396,0.1042339005663445,4.5,under,0.5992834055168396,0.0559,824563,666157,5,0
2026-08-12,2026-08-11,Ryan Weathers,NYY,SEA,NYY,SEA,4.749854879819133,1,6.5,under,draftkings,-143.0,0.588477366255144,0.6919505972545278,0.1034732309993837,6.0,under,0.6919505972545278,0.1486,823512,677960,4,1
2026-08-12,2026-08-11,Cristopher Sánchez,PHI,STL,STL,PHI,5.039376798711651,1,5.5,under,novig,135.0,0.425531914893617,0.5273909930335762,0.1018590781399591,6.0,under,0.6686818711000495,0.1253,823019,650911,7,0
2026-08-12,2026-08-11,Drew Anderson,DET,CLE,DET,CLE,4.966221482570755,1,3.5,over,bet365,132.0,0.4310344827586206,0.5304334044841023,0.0993989217254815,3.0,over,0.6104334044841022,0.0671,824240,623454,4,1
2026-08-12,2026-08-11,Michael Wacha,KC,LAD,LAD,KC,3.363645402110547,1,4.5,under,pinnacle,-127.0,0.5594713656387665,0.6512907979598584,0.0918194323210919,4.5,under,0.6512907979598584,0.1079,823917,608379,5,0
2026-08-12,2026-08-11,Tanner Bibee,CLE,DET,DET,CLE,3.818466016336216,1,4.5,under,novig,-100.0,0.5,0.5852309532557615,0.0852309532557614,4.5,under,0.5852309532557615,0.0419,824240,676440,4,1
2026-08-12,2026-08-11,Mason Barnett,ATH,TB,ATH,TB,4.392339974568474,1,3.5,over,betmgm,105.0,0.4878048780487805,0.5711415799228948,0.0833367018741143,3.5,over,0.5711415799228948,0.0278,824970,686930,0,0
2026-08-12,2026-08-11,Bryan Woo,SEA,NYY,NYY,SEA,5.043529706138099,1,6.5,under,betmgm,-140.0,0.5833333333333334,0.6630445570994249,0.0797112237660915,6.0,under,0.6630445570994249,0.1197,823512,693433,5,1
2026-08-12,2026-08-11,Eury Pérez,MIA,PIT,MIA,PIT,5.967939415979416,1,6.5,under,novig,-108.0,0.5192307692307693,0.5641996761226296,0.0449689068918602,6.5,under,0.5641996761226296,0.0208,823832,691587,7,0
2026-08-12,2026-08-11,Brandon Young,BAL,MIN,MIN,BAL,3.998294168382493,1,4.5,under,draftkings,-152.0,0.6031746031746031,0.6373692007262888,0.0341945975516856,4.0,over,0.4026307992737112,-0.1407,823673,687064,4,1
2026-08-12,2026-08-11,Carson Whisenhunt,SF,HOU,SF,HOU,3.79071381780434,1,3.5,over,novig,-111.0,0.5260663507109005,0.5578790900719239,0.0318127393610234,3.5,over,0.5178790900719239,-0.0255,823186,687931,2,0
2026-08-12,2026-08-11,Nick Martinez,TB,ATH,ATH,TB,3.3230315569403794,1,3.5,under,betrivers,-141.0,0.5850622406639004,0.6090518829446298,0.0239896422807293,3.0,over,0.4309481170553703,-0.1124,824970,607259,5,0
2026-08-12,2026-08-11,Kyle Harrison,MIL,SD,SD,MIL,4.989500016287733,1,5.5,under,novig,-127.0,0.5594713656387665,0.5809156826925093,0.0214443170537427,5.0,over,0.4190843173074907,-0.1243,823264,690986,3,1
2026-08-12,2026-08-11,Andre Pallante,STL,PHI,STL,PHI,3.874544684512265,1,3.5,over,fanduel,-100.0,0.5,0.5209709342847855,0.0209709342847854,3.5,over,0.5209709342847855,-0.0224,823019,669467,2,0
2026-08-12,2026-08-11,Jake Irvin,WSH,CHC,WSH,CHC,4.148711723045093,1,4.5,under,betmgm,-155.0,0.6078431372549019,0.6237675905203279,0.015924453265426,4.0,over,0.416232409479672,-0.1271,822697,663623,4,1
2026-08-12,2026-08-11,Mitch Bratt,AZ,COL,AZ,COL,3.3840385302520275,1,4.5,under,betmgm,-125.0,0.5555555555555556,0.5663147133320608,0.0107591577765052,4.5,under,0.6463147133320608,0.1029,825046,683352,4,1
2026-08-12,2026-08-11,Walker Buehler,SD,MIL,SD,MIL,4.271060023356109,1,4.5,under,draftkings,-151.0,0.601593625498008,0.6061202926181155,0.0045266671201075,4.0,over,0.4338797073818845,-0.1095,823264,621111,5,0
2026-08-12,2026-08-11,Patrick Sandoval,BOS,TOR,TOR,BOS,3.4994965474924653,1,4.5,under,novig,-135.0,0.574468085106383,0.567164061976599,-0.007304023129784,4.0,under,0.6471640619765989,0.1038,822778,663776,4,1
2026-08-12,2026-08-11,Sean Burke,CWS,CIN,CWS,CIN,6.209380723012833,1,7.5,under,novig,-130.0,0.5652173913043478,0.5542321878731723,-0.0109852034311754,7.0,under,0.6342321878731723,0.0909,824563,680732,8,0
2026-08-12,2026-08-11,Bailey Ober,MIN,BAL,MIN,BAL,3.654081023707234,1,4.5,under,draftkings,-130.0,0.5652173913043478,0.5454419422683906,-0.0197754490359571,4.0,under,0.6254419422683906,0.0821,823673,641927,4,1
2026-08-12,2026-08-11,Martín Pérez,ATL,NYM,ATL,NYM,3.44348272820065,1,3.5,over,novig,-117.0,0.5391705069124424,0.5153308777921941,-0.0238396291202482,4.0,under,0.6866711444293638,0.1433,824886,527048,2,0
2026-08-12,2026-08-11,Tomoyuki Sugano,COL,AZ,AZ,COL,3.506583460348495,1,2.5,over,fanduel,-130.0,0.5652173913043478,0.535265474136875,-0.0299519171674728,3.0,over,0.4154356282342584,-0.1279,825046,608372,5,1
2026-08-12,2026-08-11,Paul Skenes,PIT,MIA,MIA,PIT,6.63809332003269,1,6.5,over,fanduel,-146.0,0.5934959349593496,0.5508305162813215,-0.042665418678028,7.0,under,0.612956721008012,0.0696,823832,694973,4,0
2026-08-12,2026-08-11,Ryan Johnson,LAA,TEX,LAA,TEX,3.919212066683924,1,4.5,under,betmgm,-145.0,0.5918367346938775,0.5307794098215467,-0.0610573248723308,4.0,over,0.3892205901784534,-0.1542,823997,696270,5,0
2026-08-12,2026-08-11,Nolan McLean,NYM,ATL,ATL,NYM,5.52987001383205,1,5.5,over,fanduel,-154.0,0.6062992125984252,0.5445564496504569,-0.0617427629479683,6.0,under,0.6293332824846776,0.086,824886,690997,3,0
2026-08-13,2026-08-12,David Peterson,CHC,WSH,WSH,CHC,3.2022593037260774,1,4.5,under,draftkings,-131.0,0.5670995670995671,0.6763139859665123,0.1092144188669451,4.0,under,0.6763139859665123,0.1329,822698,656849,6,0
2026-08-13,2026-08-12,Jack Perkins,ATH,TB,ATH,TB,5.335455791690495,1,4.5,over,novig,127.0,0.4405286343612334,0.5430265486175894,0.1024979142563559,4.0,over,0.5430265486175894,-0.0004,824967,678022,2,0
2026-08-13,2026-08-12,Foster Griffin,CLE,DET,DET,CLE,4.0646023043428965,1,5.5,under,novig,-141.0,0.5850622406639004,0.678314025796793,0.0932517851328925,5.0,under,0.678314025796793,0.1349,824241,656492,3,1
2026-08-13,2026-08-12,George Klassen,LAA,TEX,LAA,TEX,3.875584111827172,1,4.5,under,novig,106.0,0.4854368932038835,0.5751451073982763,0.0897082141943927,4.5,under,0.5751451073982763,0.0318,823994,691946,5,0
2026-08-13,2026-08-12,Zebby Matthews,MIN,BAL,MIN,BAL,6.092585530703316,1,5.5,over,fanduel,114.0,0.4672897196261682,0.5361383157384297,0.0688,5.0,under,0.6368129150501249,0.0934,823672,805673,4,0
2026-08-13,2026-08-12,Ryan Feltner,COL,AZ,AZ,COL,3.910780128922621,1,3.5,over,fanduel,128.0,0.4385964912280701,0.4991883718924461,0.0605918806643759,3.0,over,0.4991883718924461,-0.0442,825047,663372,2,0
2026-08-13,2026-08-12,José Soriano,TOR,BOS,TOR,BOS,4.263650881751991,1,5.5,under,draftkings,-149.0,0.5983935742971888,0.6587093203389623,0.0603157460417735,5.0,under,0.6587093203389623,0.1153,822779,667755,4,1
2026-08-13,2026-08-12,Dustin May,MIL,SD,SD,MIL,5.430600737183652,1,4.5,over,betrivers,-121.0,0.5475113122171946,0.5876584028049413,0.0401,4.5,over,0.5357188694590329,-0.0077,823263,669160,6,1
2026-08-13,2026-08-12,Adrian Houser,SF,HOU,SF,HOU,3.2259535631256897,1,3.5,under,novig,-141.0,0.5850622406639004,0.6224961282273577,0.0374338875634572,,,,,823187,605288,5,0
2026-08-13,2026-08-12,Cal Quantrill,TEX,LAA,LAA,TEX,3.099468156369669,1,3.5,under,draftkings,-119.0,0.54337899543379,0.5802777360344447,0.0368987406006546,3.5,under,0.5802777360344447,0.0369,823994,615698,6,0
2026-08-13,2026-08-12,Carmen Mlodzinski,PIT,MIA,MIA,PIT,4.037446303806856,1,3.5,over,betmgm,-105.0,0.5121951219512195,0.5389557643784715,0.0267606424272519,3.5,over,0.5389557643784715,-0.0044,823833,669387,1,0
2026-08-13,2026-08-12,Zac Thornton,NYM,ATL,ATL,NYM,3.758753262103303,1,3.5,over,draftkings,-109.0,0.5215311004784688,0.5471681757042159,0.025637075225747,3.5,over,0.5071681757042159,-0.0362,824883,804267,2,0
2026-08-13,2026-08-12,Luis Castillo,CWS,CIN,CWS,CIN,4.456998597825105,1,5.5,under,bet365,-110.0,0.5238095238095238,0.5322870652791739,0.00847754146965,5.5,under,0.6122870652791739,0.0689,824562,622491,10,0
2026-08-13,2026-08-12,Drew Rasmussen,TB,ATH,ATH,TB,5.94762000841796,1,5.5,over,bet365,-140.0,0.5833333333333334,0.5891478663872444,0.0058145330539109,6.0,over,0.4045870782798547,-0.1388,824967,656876,3,0
2026-08-13,2026-08-12,Bryce Miller,SEA,NYY,NYY,SEA,4.5421593510386415,1,5.5,under,fanduel,-115.0,0.5348837209302325,0.5290332503124126,-0.0058504706178199,5.5,under,0.6090332503124125,0.0657,823511,682243,5,1
2026-08-13,2026-08-12,Framber Valdez,DET,CLE,DET,CLE,3.712676680155345,1,4.5,under,draftkings,-122.0,0.5495495495495496,0.5302307655849888,-0.0193187839645607,4.5,under,0.6102307655849888,0.0669,824241,664285,3,1
2026-08-13,2026-08-12,Kyle Leahy,STL,PHI,STL,PHI,3.9476219772108654,1,3.5,over,novig,-138.0,0.5798319327731093,0.5591814409323619,-0.0207,4.0,under,0.6510121113696347,0.1076,823017,681517,6,1
2026-08-13,2026-08-12,Ranger Suarez,BOS,TOR,TOR,BOS,3.717048488272308,1,4.5,under,betmgm,-135.0,0.574468085106383,0.5450258816178349,-0.029442203488548,4.0,under,0.6250258816178349,0.0816,822779,624133,2,1
2026-08-13,2026-08-12,Rhett Lowder,CIN,CWS,CWS,CIN,3.572867949727773,1,4.5,under,draftkings,-149.0,0.5983935742971888,0.5638259668820884,-0.0345676074151003,4.0,under,0.6438259668820884,0.1004,824562,695076,4,1
2026-08-13,2026-08-12,Eric Lauer,LAD,KC,LAD,KC,3.8134930398279487,1,4.5,under,fanduel,-166.0,0.6240601503759399,0.5817804268196086,-0.0422797235563312,4.0,under,0.6217804268196085,0.0784,823916,641778,6,0
2026-08-13,2026-08-12,Merrill Kelly,AZ,COL,AZ,COL,4.227819484938303,1,4.5,over,novig,-120.0,0.5454545454545454,0.5015118966804901,-0.0439426487740552,5.0,under,0.6822726914173278,0.1389,825047,518876,2,0
2026-08-13,2026-08-12,Janson Junk,MIA,PIT,MIA,PIT,3.646413533048368,1,3.5,over,bet365,-155.0,0.6078431372549019,0.5622533035033356,-0.0455898337515663,4.0,under,0.643041122625953,0.0997,823833,676083,2,0
2026-08-13,2026-08-12,Robbie Ray,SD,MIL,SD,MIL,4.558673947524877,1,4.5,over,draftkings,-142.0,0.5867768595041323,0.5404945597279458,-0.0462822997761864,5.0,under,0.6462715556682465,0.1029,823263,592662,4,0
2026-08-13,2026-08-12,Will Warren,NYY,SEA,NYY,SEA,4.238428267165105,1,4.5,over,fanduel,-132.0,0.5689655172413793,0.5112951965262109,-0.0576703207151684,5.0,under,0.6734069138835903,0.13,823511,701542,3,0
2026-08-13,2026-08-12,Shane Baz,BAL,MIN,MIN,BAL,4.471860441811844,1,4.5,over,fanduel,-128.0,0.5614035087719298,0.4919213003010691,-0.0695,4.5,over,0.4743704736489646,-0.069,823672,669358,2,0
2026-08-13,2026-08-12,Tyler Mahle,ATL,NYM,ATL,NYM,4.378381414682915,1,4.5,over,fanduel,-156.0,0.609375,0.502803496698591,-0.1065715033014089,5.0,under,0.6535177967904184,0.1101,824883,641816,7,1
2026-08-13,2026-08-12,Zack Wheeler,PHI,STL,STL,PHI,5.014249883309305,1,5.5,over,novig,-150.0,0.6,0.4778741191898513,-0.1221,6.0,under,0.6693246456854735,0.1259,823017,554430,5,0
2026-08-14,2026-08-13,Payton Tolle,BOS,TOR,TOR,BOS,4.991824297441308,1,5.5,under,draftkings,116.0,0.4629629629629629,0.5493129814903324,0.0864,5.5,under,0.5874832517157133,0.0441,822776,801139,4,1
2026-08-14,2026-08-13,Max Fried,NYY,SEA,NYY,SEA,4.949607948055295,1,5.5,under,fanduel,114.0,0.4672897196261682,0.5522926223058293,0.085,6.0,under,0.7054019585256368,0.162,823508,608331,4,1
2026-08-14,2026-08-13,Jacob deGrom,TEX,LAA,LAA,TEX,5.716695174453801,1,6.5,under,betmgm,105.0,0.4878048780487805,0.5710423646375409,0.0832374865887604,6.5,under,0.5710423646375409,0.0277,823995,594798,3,1
2026-08-14,2026-08-13,Kevin Gausman,CHC,WSH,WSH,CHC,4.260469270198701,1,5.5,under,bet365,-140.0,0.5833333333333334,0.6627632906410297,0.0794299573076963,5.0,under,0.6627632906410297,0.1194,822696,592332,7,0
2026-08-14,2026-08-13,Aaron Nola,PHI,MIN,MIN,PHI,4.312257790854538,1,5.5,under,betrivers,-157.0,0.6108949416342413,0.6683287748288773,0.057433833194636,5.0,under,0.6683287748288773,0.1249,823669,605400,9,0
2026-08-14,2026-08-13,Braxton Ashcraft,PIT,MIA,MIA,PIT,5.152881292819371,1,5.5,under,fanduel,-102.0,0.504950495049505,0.5473351774415076,0.0424,5.5,over,0.5141540908716906,-0.0292,823829,677952,10,0
2026-08-14,2026-08-13,Tyler Phillips,MIA,PIT,MIA,PIT,4.45694988119079,1,3.5,over,draftkings,-133.0,0.5708154506437768,0.5992875464689947,0.0285,4.0,over,0.4065711408840796,-0.1368,823829,663969,6,1
2026-08-14,2026-08-13,Roki Sasaki,LAD,MIL,LAD,MIL,5.904352506131734,1,5.5,over,novig,-127.0,0.5594713656387665,0.5804275250983804,0.0209561594596138,5.5,over,0.5404275250983803,-0.003,823915,808963,2,0
2026-08-14,2026-08-13,Cade Cavalli,WSH,CHC,WSH,CHC,5.742828690311495,1,5.5,over,fanduel,112.0,0.4716981132075472,0.4920741023338734,0.0203759891263262,5.0,over,0.4920741023338734,-0.0513,822696,676917,10,1
2026-08-14,2026-08-13,Walbert Ureña,LAA,TEX,LAA,TEX,5.083382796890537,1,4.5,over,fanduel,-142.0,0.5867768595041323,0.6008194551645213,0.014042595660389,5.0,over,0.4029323336169289,-0.1404,823995,700712,5,1
2026-08-14,2026-08-13,Shane Drohan,MIL,LAD,LAD,MIL,4.204009078236449,1,4.5,under,draftkings,-120.0,0.5454545454545454,0.5556976971047503,0.0102431516502048,4.5,under,0.5556976971047503,0.0123,823915,675660,5,0
2026-08-14,2026-08-13,Taj Bradley,MIN,PHI,MIN,PHI,5.758458173401822,1,5.5,over,draftkings,-122.0,0.5495495495495496,0.5587188463163368,0.0091692967667872,5.5,over,0.5187188463163368,-0.0247,823669,671737,3,0
2026-08-14,2026-08-13,Andrew Abbott,CIN,CWS,CWS,CIN,4.34167115615735,1,4.5,under,betmgm,-118.0,0.5412844036697247,0.5407274623252385,-0.0006,5.0,under,0.6808298938931893,0.1375,824561,671096,3,1
2026-08-14,2026-08-13,Parker Messick,CLE,DET,DET,CLE,5.191611951662029,1,5.5,under,fanduel,-130.0,0.5652173913043478,0.5580812669663217,-0.0071,5.5,under,0.6025875037116516,0.0592,824238,800048,6,0
2026-08-14,2026-08-13,Keider Montero,DET,CLE,DET,CLE,3.410595637500694,1,2.5,over,fanduel,-172.0,0.6323529411764706,0.625041289445697,-0.0073,3.0,over,0.4480598126445341,-0.0953,824238,672456,0,0
2026-08-14,2026-08-13,Davis Martin,CWS,CIN,CWS,CIN,4.675253817069439,1,4.5,over,fanduel,-122.0,0.5495495495495496,0.5098854295071202,-0.0397,4.5,over,0.5216927148595605,-0.0217,824561,663436,3,0
2026-08-14,2026-08-13,Max Scherzer,TOR,BOS,TOR,BOS,3.746451085255796,1,4.5,under,novig,-147.0,0.5951417004048583,0.5494883442545592,-0.045653356150299,4.0,under,0.6294883442545591,0.0861,822776,453286,4,1
2026-08-14,2026-08-13,Logan Gilbert,SEA,NYY,NYY,SEA,6.329082537475826,1,6.5,over,betmgm,-130.0,0.5652173913043478,0.4913881691758706,-0.0738,7.0,under,0.7130596060979215,0.1697,823508,669302,7,1
2026-08-15,2026-08-14,Seth Lugo,KC,LAA,LAA,KC,3.7652626218944913,1,4.5,under,betrivers,123.0,0.4484304932735426,0.5706159921758542,0.1221854989023116,5.0,under,0.7191769572893406,0.1758,823993,607625,4,1
2026-08-15,2026-08-14,Shane Bieber,TOR,NYY,TOR,NYY,3.905152214828248,1,5.5,under,draftkings,-158.0,0.6124031007751938,0.6979322340829339,0.0855291333077401,5.0,under,0.6979322340829339,0.1546,822777,669456,5,1
2026-08-15,2026-08-14,Matthew Liberatore,STL,CHC,CHC,STL,3.7649473245093272,1,4.5,under,novig,-106.0,0.5145631067961165,0.5990562956272214,0.0845,4.5,under,0.5592532857505026,0.0159,824643,669461,6,0
2026-08-15,2026-08-14,Yoshinobu Yamamoto,LAD,MIL,LAD,MIL,5.056441698685919,1,6.5,under,draftkings,109.0,0.4784688995215311,0.5464165813513915,0.0679476818298603,7.0,under,0.745466522962822,0.2021,823913,808967,9,0
2026-08-15,2026-08-14,Grayson Rodriguez,LAA,KC,LAA,KC,3.7076486117340575,1,5.5,under,draftkings,-158.0,0.6124031007751938,0.671436515792205,0.0590334150170112,5.0,under,0.721436515792205,0.1781,823993,680570,5,1
2026-08-15,2026-08-14,Landen Roupp,SF,COL,SF,COL,4.967811767228084,1,5.5,under,pinnacle,-103.0,0.5073891625615764,0.5630060342826628,0.0556168717210864,5.5,under,0.5630060342826628,0.0196,823185,694738,5,1
2026-08-15,2026-08-14,Kyle Freeland,COL,SF,SF,COL,3.751350449951859,1,5.5,under,betrivers,-157.0,0.6108949416342413,0.6595087363186009,0.0486137946843595,5.0,under,0.7095087363186009,0.1661,823185,607536,2,1
2026-08-15,2026-08-14,Chase Burns,CIN,MIA,CIN,MIA,5.834962532121475,1,6.5,under,betmgm,-115.0,0.5348837209302325,0.5753018761354897,0.0404181552052571,6.5,under,0.5753018761354897,0.0319,824479,695505,8,0
2026-08-15,2026-08-14,Clay Holmes,CHC,STL,CHC,STL,4.595105895764235,1,3.5,over,fanduel,-136.0,0.576271186440678,0.6120376122676779,0.0358,4.0,over,0.4247508880768839,-0.1186,824643,605280,3,0
2026-08-15,2026-08-14,Robert Stock,NYM,WSH,NYM,WSH,4.398330336549068,1,3.5,over,novig,-130.0,0.5652173913043478,0.5990696995516686,0.0338523082473207,4.0,over,0.4243533523573282,-0.119,823591,476594,5,1
2026-08-15,2026-08-14,Andrew Alvarez,WSH,NYM,NYM,WSH,3.97357532980222,1,4.5,under,betmgm,-125.0,0.5555555555555556,0.5859622726445121,0.0304067170889564,4.0,over,0.4140377273554879,-0.1293,823591,674841,4,1
2026-08-15,2026-08-14,Kumar Rocker,TEX,ATH,ATH,TEX,4.360263586762285,1,4.5,under,fanduel,-128.0,0.5614035087719298,0.5906913052972966,0.0292877965253668,4.0,over,0.4493086947027034,-0.0941,824968,677958,3,1
2026-08-15,2026-08-14,Robert Gasser,MIL,LAD,LAD,MIL,4.01836751939002,1,4.5,under,novig,-127.0,0.5594713656387665,0.588147535262866,0.0286761696240994,4.0,over,0.411852464737134,-0.1315,823913,688107,7,0
2026-08-15,2026-08-14,Brandon Pfaadt,AZ,ATL,ATL,AZ,3.3755966644757622,1,3.5,under,draftkings,-105.0,0.5121951219512195,0.5363280257928007,0.0241329038415811,3.5,under,0.5363280257928007,-0.0071,824882,694297,7,0
2026-08-15,2026-08-14,Gerrit Cole,NYY,TOR,TOR,NYY,5.061199461179817,1,5.5,under,draftkings,-152.0,0.6031746031746031,0.6267740098707901,0.0235994066961869,5.0,over,0.4132259901292099,-0.1302,822777,543037,5,1
2026-08-15,2026-08-14,Chris Sale,ATL,AZ,ATL,AZ,6.592187836765952,1,6.5,over,draftkings,-113.0,0.5305164319248826,0.5371047869878881,0.0065883550630054,6.5,over,0.497104786987888,-0.0463,824882,519242,9,1
2026-08-15,2026-08-14,Gavin Williams,CLE,SD,CLE,SD,7.387352087568255,1,7.5,under,betrivers,-115.0,0.5348837209302325,0.5388683417086919,0.0039846207784594,7.0,over,0.4611316582913081,-0.0822,824399,668909,5,1
2026-08-15,2026-08-14,Jake Bennett,BOS,PIT,PIT,BOS,3.5279022768280424,1,4.5,under,novig,-127.0,0.5594713656387665,0.5586329800495945,-0.000838385589172,4.0,under,0.6386329800495945,0.0953,823346,687562,6,0
2026-08-15,2026-08-14,Michael King,SD,CLE,CLE,SD,3.867719934008365,1,3.5,over,bet365,-155.0,0.6078431372549019,0.5810781925970407,-0.0267649446578611,4.0,under,0.6246971298322062,0.0813,824399,650633,4,1
2026-08-15,2026-08-14,Sandy Alcantara,MIA,CIN,CIN,MIA,5.815696192986261,1,5.5,over,novig,-130.0,0.5652173913043478,0.5355754960245719,-0.0296,5.5,under,0.6380780545863949,0.0947,824479,645261,2,0
2026-08-15,2026-08-14,Bubba Chandler,PIT,BOS,PIT,BOS,3.692194329641644,1,4.5,under,bet365,-140.0,0.5833333333333334,0.5442663953500081,-0.0390669379833252,4.0,under,0.624266395350008,0.0809,823346,696149,5,0
2026-08-15,2026-08-14,George Kirby,SEA,HOU,HOU,SEA,4.326764652122924,1,4.5,over,novig,-127.0,0.5594713656387665,0.5169916697533554,-0.0424796958854111,5.0,under,0.6681927484281125,0.1248,824159,669923,2,0
2026-08-15,2026-08-14,Peter Lambert,HOU,SEA,HOU,SEA,4.600915029346779,1,4.5,over,fanduel,-150.0,0.6,0.5484516989818443,-0.0515483010181556,5.0,under,0.6386994162417643,0.0953,824159,663567,6,1
2026-08-15,2026-08-14,Chris Bassitt,BAL,TB,TB,BAL,3.3792779410408023,1,2.5,over,fanduel,-186.0,0.6503496503496503,0.5907548606944333,-0.059594789655217,,,,,822942,605135,3,1
2026-08-15,2026-08-14,Steven Matz,TB,BAL,TB,BAL,3.581618130157733,0,,,,,,,,1.5,over,0.8352416202493804,0.2919,822942,571927,1,-2
2026-08-16,2026-08-15,Troy Melton,DET,CWS,DET,CWS,6.784837398016522,1,5.5,over,bet365,115.0,0.4651162790697674,0.5830461725928615,0.1179,5.0,over,0.573459235861691,0.0301,824239,675512,4,0
2026-08-16,2026-08-15,Sonny Gray,BOS,PIT,PIT,BOS,4.004766335621591,1,5.5,under,draftkings,-123.0,0.5515695067264574,0.6678139081778043,0.1162444014513468,5.0,under,0.6678139081778043,0.1244,823347,543243,7,0
2026-08-16,2026-08-15,Anthony Kay,CWS,DET,DET,CWS,3.919487945290647,1,4.5,under,betmgm,110.0,0.4761904761904761,0.5791098070560778,0.1029,4.0,over,0.4171983212536974,-0.1262,824239,641743,4,1
2026-08-16,2026-08-15,Michael McGreevy,STL,CHC,CHC,STL,4.264580066813509,1,3.5,over,bet365,125.0,0.4444444444444444,0.5463666271050716,0.1019,3.0,over,0.4968665394227342,-0.0465,824644,700241,6,1
2026-08-16,2026-08-15,Reid Detmers,LAA,KC,LAA,KC,5.064614739726032,1,6.5,under,novig,-127.0,0.5594713656387665,0.6575812254375593,0.0981098597987927,6.0,under,0.6575812254375593,0.1142,823990,672282,11,0
2026-08-16,2026-08-15,Logan Webb,SF,COL,SF,COL,4.6965967690678685,1,5.5,under,novig,-108.0,0.5192307692307693,0.5997076722277785,0.0804769029970092,5.5,under,0.5997076722277785,0.0563,823184,657277,7,0
2026-08-16,2026-08-15,Matthew Boyd,CHC,STL,CHC,STL,3.9451850222065294,1,4.5,under,fanduel,-104.0,0.5098039215686274,0.5832036161913857,0.0734,4.5,under,0.6426056706111131,0.0992,824644,571510,2,1
2026-08-16,2026-08-15,Ian Seymour,TB,BAL,TB,BAL,6.039555959365749,1,6.5,under,novig,113.0,0.4694835680751174,0.5403305866641674,0.07084701858905,6.5,under,0.5403305866641674,-0.003,822941,693855,9,0
2026-08-16,2026-08-15,Michael Lorenzen,COL,SF,SF,COL,4.0003681883871725,1,3.5,over,betrivers,123.0,0.4484304932735426,0.5191244769617643,0.0706939836882217,3.0,over,0.5191244769617643,-0.0243,823184,547179,1,0
2026-08-16,2026-08-15,MacKenzie Gore,TEX,ATH,ATH,TEX,4.616464700270917,1,6.5,under,novig,-147.0,0.5951417004048583,0.6553661115703834,0.0602244111655251,6.0,under,0.7053661115703834,0.162,824966,669022,5,1
2026-08-16,2026-08-15,Emerson Hancock,SEA,HOU,HOU,SEA,4.095439450254414,1,4.5,under,betrivers,-104.0,0.5098039215686274,0.563502005768134,0.0536980841995066,4.5,under,0.563502005768134,0.0201,824157,676106,8,0
2026-08-16,2026-08-15,Eduardo Rodriguez,AZ,ATL,ATL,AZ,3.4482360937480285,1,4.5,under,fanduel,-150.0,0.6,0.6516482714309306,0.0516482714309306,4.0,under,0.6516482714309306,0.1083,824884,593958,5,0
2026-08-16,2026-08-15,Jacob Misiorowski,MIL,LAD,LAD,MIL,6.978955847790605,1,8.5,under,draftkings,102.0,0.495049504950495,0.5379198277354503,0.0428703227849552,8.5,under,0.6179198277354503,0.0745,823914,694819,6,1
2026-08-16,2026-08-15,Hayden Wesneski,HOU,SEA,HOU,SEA,3.9798576578728135,1,4.5,under,betmgm,-150.0,0.6,0.6380557525624004,0.0380557525624004,4.0,over,0.4019442474375996,-0.1414,824157,669713,6,0
2026-08-16,2026-08-15,J.T. Ginn,ATH,TEX,ATH,TEX,4.826626717861938,1,4.5,over,draftkings,-106.0,0.5145631067961165,0.5520784963697482,0.0375153895736316,4.5,over,0.5120784963697481,-0.0313,824966,669372,7,1
2026-08-16,2026-08-15,Grant Holmes,ATL,AZ,ATL,AZ,4.001697151303267,1,3.5,over,bet365,-130.0,0.5652173913043478,0.593227006591743,0.0280096152873952,4.0,under,0.6225717873761984,0.0792,824884,656550,3,0
2026-08-16,2026-08-15,Cam Schlittler,NYY,TOR,TOR,NYY,6.876530102009469,1,6.5,over,betrivers,106.0,0.4854368932038835,0.5046992132962055,0.0192623200923219,6.5,over,0.5046992132962055,-0.0387,822775,693645,7,1
2026-08-16,2026-08-15,Justin Wrobleski,LAD,MIL,LAD,MIL,5.030797837256617,1,4.5,over,novig,-141.0,0.5850622406639004,0.6034831384074223,0.0184208977435218,5.0,over,0.4056251751197887,-0.1378,823914,680736,6,1
2026-08-16,2026-08-15,Jesús Luzardo,PHI,MIN,MIN,PHI,6.5418362921978295,1,6.5,under,fanduel,-122.0,0.5495495495495496,0.5665478309442327,0.016998281394683,6.5,under,0.5265478309442326,-0.0168,823671,666200,9,0
2026-08-16,2026-08-15,Kyle Bradish,BAL,TB,TB,BAL,4.49519704313347,1,4.5,over,bet365,-105.0,0.5121951219512195,0.5202069165956158,0.0080117946443962,4.5,over,0.4802069165956158,-0.0632,822941,680694,3,0
2026-08-16,2026-08-15,Joey Cantillo,CLE,SD,CLE,SD,5.273745750789902,1,5.5,under,novig,-122.0,0.5495495495495496,0.5537580878002889,0.0042085382507393,5.0,over,0.4462419121997111,-0.0971,824400,676282,7,0
2026-08-16,2026-08-15,Ryan Gusto,MIA,CIN,CIN,MIA,3.79377078473796,1,4.5,under,novig,-115.0,0.5348837209302325,0.5218452140251971,-0.0130385069050353,4.5,under,0.6018452140251971,0.0585,824480,687473,6,0
2026-08-16,2026-08-15,Jared Jones,PIT,BOS,PIT,BOS,4.571631345189466,1,4.5,over,betmgm,-130.0,0.5652173913043478,0.5383091209673029,-0.0269082703370449,5.0,under,0.648337841859796,0.105,823347,683003,7,1
2026-08-16,2026-08-15,Randy Dobnak,KC,LAA,LAA,KC,2.9828410767021465,1,3.5,under,novig,-135.0,0.574468085106383,0.5271127383211626,-0.0473553467852204,3.0,over,0.3928872616788375,-0.1505,823990,677976,6,0
2026-08-16,2026-08-15,Brad Lord,WSH,NYM,NYM,WSH,2.969007847464615,1,3.5,under,betmgm,-140.0,0.5833333333333334,0.5331643037892267,-0.0501690295441066,3.0,over,0.3868356962107733,-0.1565,823588,695418,1,1
2026-08-16,2026-08-15,Connor Prielipp,MIN,PHI,MIN,PHI,4.803167132931144,1,5.5,under,novig,-137.0,0.5780590717299579,0.5255294958683258,-0.052529575861632,5.0,under,0.6055294958683257,0.0622,823671,687570,6,0
2026-08-16,2026-08-15,Sean Manaea,NYM,WSH,NYM,WSH,5.402588426542383,1,5.5,over,bet365,-140.0,0.5833333333333334,0.5285905528724921,-0.0547427804608412,6.0,under,0.6445373722304631,0.1012,823588,640455,7,1
2026-08-16,2026-08-15,Brady Singer,CIN,MIA,CIN,MIA,5.638690134721647,1,4.5,over,draftkings,-145.0,0.5918367346938775,0.5347123089813688,-0.0571244257125087,5.0,over,0.4592288021083944,-0.0842,824480,663903,4,0
2026-08-16,2026-08-15,Braydon Fisher,TOR,NYY,TOR,NYY,2.0037272173449856,0,,,,,,,,,,,,822775,680755,0,-2
2026-08-17,2026-08-16,Patrick Sandoval,BOS,PIT,PIT,BOS,3.812871253192212,1,5.5,under,draftkings,115.0,0.4651162790697674,0.694374578474059,0.2293,5.0,under,0.7151899126610036,0.1718,823344,663776,6,0
2026-08-17,2026-08-16,Lake Bachar,PIT,BOS,PIT,BOS,3.133530261812266,1,2.5,over,novig,134.0,0.4273504273504273,0.5519101933449263,0.1246,2.5,over,0.5357530937884027,-0.0076,823344,669199,4,1
2026-08-17,2026-08-16,Sean Burke,CWS,DET,DET,CWS,4.776284180570289,1,5.5,under,novig,127.0,0.4405286343612334,0.561152395082444,0.1206,6.0,under,0.6632277599167525,0.1198,824236,680732,2,1
2026-08-17,2026-08-16,Bryan Woo,SEA,HOU,HOU,SEA,4.610999785171891,1,5.5,under,pinnacle,-103.0,0.5073891625615764,0.5975723500555514,0.090183187493975,5.5,under,0.5975723500555514,0.0542,824156,693433,5,1
2026-08-17,2026-08-16,Eury Pérez,MIA,CIN,CIN,MIA,5.8341790424466815,1,6.5,under,bet365,110.0,0.4761904761904761,0.5620281245286636,0.0858,6.5,under,0.6031057887404103,0.0597,824477,691587,5,1
2026-08-17,2026-08-16,Ryan Weathers,NYY,TOR,TOR,NYY,5.204198687679313,1,4.5,over,draftkings,100.0,0.5,0.5621953784392895,0.0622,5.0,under,0.6638380050827436,0.1205,822774,677960,4,0
2026-08-17,2026-08-16,Dylan Cease,TOR,NYY,TOR,NYY,7.990833328615106,1,8.5,under,betmgm,100.0,0.5,0.550414292182667,0.0504,8.5,under,0.636121832109458,0.0927,822774,656302,10,0
2026-08-17,2026-08-16,Jake Irvin,WSH,NYM,NYM,WSH,4.658872088865577,1,4.5,over,pinnacle,133.0,0.4291845493562232,0.4792407478507962,0.0501,4.0,over,0.4202142431823869,-0.1232,823590,663623,6,1
2026-08-17,2026-08-16,Hunter Brown,HOU,SEA,HOU,SEA,5.085783160282769,1,5.5,under,draftkings,-101.0,0.5024875621890548,0.5522899429631594,0.0498023807741045,5.5,under,0.5522899429631594,0.0089,824156,686613,5,1
2026-08-17,2026-08-16,Nick Lodolo,CIN,MIA,CIN,MIA,4.22638222033248,1,4.5,under,novig,-102.0,0.504950495049505,0.5471787131737063,0.0422,4.5,under,0.5694684019092033,0.0261,824477,666157,2,1
2026-08-17,2026-08-16,Michael Soroka,AZ,ATL,ATL,AZ,4.024271459869985,1,4.5,under,novig,-120.0,0.5454545454545454,0.5832017235286204,0.0377,4.5,under,0.5875838608779438,0.0442,824880,647336,5,0
2026-08-17,2026-08-16,Tanner Bibee,CLE,SD,CLE,SD,4.261152120000076,1,4.5,under,bet365,-130.0,0.5652173913043478,0.5991281771119639,0.033910785807616,4.0,over,0.4408718228880362,-0.1025,824397,676440,3,1
2026-08-17,2026-08-16,Logan Henderson,MIL,LAD,LAD,MIL,5.058818753370872,1,5.5,under,pinnacle,-114.0,0.5327102803738317,0.5642858207042762,0.0315755403304445,5.5,under,0.5642858207042762,0.0209,823912,701656,6,0
2026-08-17,2026-08-16,Dean Kremer,MIN,PHI,MIN,PHI,4.043381935004902,1,4.5,under,draftkings,-124.0,0.5535714285714286,0.5804480541247755,0.0269,4.0,over,0.4251199542530081,-0.1183,823670,665152,6,0
2026-08-17,2026-08-16,Hunter Dobbins,STL,CHC,CHC,STL,4.402848979868169,1,3.5,over,bet365,-135.0,0.574468085106383,0.5978929362466513,0.0234,3.5,over,0.5277027578647445,-0.0157,824642,690928,7,1
2026-08-17,2026-08-16,Tarik Skubal,LAD,MIL,LAD,MIL,7.43252504481976,1,7.5,under,draftkings,-122.0,0.5495495495495496,0.5723748466877632,0.0228252971382135,7.0,over,0.4676251533122368,-0.0758,823912,669373,7,1
2026-08-17,2026-08-16,Andrew Painter,PHI,MIN,MIN,PHI,4.387840174936802,1,3.5,over,draftkings,-133.0,0.5708154506437768,0.5916066495582253,0.0208,4.0,under,0.6511846345485338,0.1078,823670,691725,2,0
2026-08-17,2026-08-16,Blade Tidwell,SF,COL,SF,COL,4.976385125707443,1,4.5,over,novig,-108.0,0.5192307692307693,0.5352478161644082,0.0160170469336389,4.5,over,0.5352478161644082,-0.0081,823182,694918,1,0
2026-08-17,2026-08-16,Freddy Peralta,TB,BAL,TB,BAL,5.767381345518039,1,6.5,under,draftkings,-140.0,0.5833333333333334,0.5990677642935146,0.0157,6.0,under,0.6862780984532455,0.1429,822940,642547,2,1
2026-08-17,2026-08-16,Drew Anderson,DET,CWS,DET,CWS,4.476582770359991,1,4.5,over,bet365,110.0,0.4761904761904761,0.4887175168841604,0.0125,4.5,over,0.4717816498222535,-0.0716,824236,623454,5,1
2026-08-17,2026-08-16,Trevor Rogers,BAL,TB,TB,BAL,4.51672092937139,1,4.5,over,fanduel,108.0,0.4807692307692308,0.4874607167481569,0.0067,4.0,over,0.5005382725084357,-0.0428,822940,669432,6,1
2026-08-17,2026-08-16,Edward Cabrera,CHC,STL,CHC,STL,4.35557663567259,1,4.5,under,betmgm,-150.0,0.6,0.6061016980174228,0.0061016980174227,4.0,over,0.4338983019825773,-0.1095,824642,665795,2,1
2026-08-17,2026-08-16,Gabriel Hughes,COL,SF,SF,COL,3.927906670540215,1,3.5,over,bet365,-150.0,0.6,0.599024634803534,-0.000975365196466,4.0,under,0.6168049823704662,0.0734,823182,687312,2,0
2026-08-17,2026-08-16,Jacob Lopez,ATH,TEX,ATH,TEX,5.99275141947986,1,4.5,over,novig,-135.0,0.574468085106383,0.5664721853870244,-0.0079958997193586,5.0,over,0.4942755074816559,-0.0491,824965,682052,6,1
2026-08-17,2026-08-16,Noah Cameron,KC,LAA,LAA,KC,5.612172508827328,1,6.5,under,bet365,-130.0,0.5652173913043478,0.5288718676674232,-0.0363455236369245,6.0,under,0.6088718676674232,0.0655,823991,702070,8,0
2026-08-17,2026-08-16,Christian Scott,NYM,WSH,NYM,WSH,5.780604147340869,1,5.5,over,fanduel,-130.0,0.5652173913043478,0.5271266942074295,-0.0381,5.5,over,0.4855160568449413,-0.0579,823590,681035,7,1
2026-08-17,2026-08-16,Cody Bradford,TEX,ATH,ATH,TEX,3.732673385973717,1,4.5,under,draftkings,-143.0,0.588477366255144,0.5423971374959143,-0.0460802287592296,4.0,under,0.6223971374959143,0.079,824965,674003,4,1
2026-08-17,2026-08-16,Bryce Elder,ATL,AZ,ATL,AZ,3.778297418951413,1,3.5,over,novig,-144.0,0.5901639344262295,0.5367412534239718,-0.0534,4.0,over,0.4057239893014993,-0.1377,824880,693821,5,1
2026-08-17,2026-08-16,Ryan Johnson,LAA,KC,LAA,KC,4.505231641150824,1,3.5,over,novig,-147.0,0.5951417004048583,0.5358852233958913,-0.0592564770089669,4.0,over,0.4423507104053581,-0.101,823991,696270,4,1
2026-08-17,2026-08-16,Casey Mize,SD,CLE,CLE,SD,3.719666315658232,1,4.5,under,draftkings,-158.0,0.6124031007751938,0.5504014834409025,-0.0620016173342913,4.0,under,0.6304014834409024,0.087,824397,663554,3,1
